0.0887147,0.0702995,0.0924139,0.0937913,0.092516,0.0927198,0.071626,0.074097,0.0805897,0.0982223
0.0952754,0.093672,0.107504,0.0660622,0.101137,0.071341,0.0766883,0.0826795,0.0781236,0.0825073
0.0933164,0.0863146,0.0768933,0.0884557,0.0980394,0.0789329,0.0965678,0.0813156,0.0785037,0.0766508
0.0813506,0.092151,0.0786763,0.11055,0.0797492,0.0866968,0.0864843,0.088927,0.0782848,0.0721206
0.0909902,0.108366,0.100551,0.082821,0.0758941,0.0884943,0.0803373,0.0686932,0.0892784,0.069564
0.0794778,0.0985309,0.0886611,0.0848227,0.0836728,0.0749358,0.0798863,0.0830448,0.100513,0.0814453
0.0684725,0.0943157,0.0861611,0.0736503,0.0758857,0.0977306,0.0718531,0.114206,0.0930759,0.0796395
0.0630425,0.0719548,0.0973849,0.086682,0.0909756,0.101087,0.0737363,0.0905958,0.082798,0.0967339
0.0806583,0.080724,0.0661303,0.0953195,0.0879696,0.0965114,0.080326,0.102968,0.0747312,0.0896523
0.106842,0.0739838,0.0821682,0.0720318,0.0851879,0.0915662,0.0945727,0.0895129,0.0692732,0.0898512
0.0890938,0.0766983,0.0853195,0.112935,0.0886887,0.0955335,0.0725418,0.0782256,0.0906994,0.0652546
0.0989902,0.0863922,0.0888773,0.091098,0.0651947,0.0781183,0.0792815,0.0861823,0.0754416,0.105414
0.0910771,0.0819937,0.0770868,0.0836104,0.0671694,0.0616112,0.0931032,0.0898151,0.101016,0.108507
0.0892709,0.0775011,0.0906097,0.0854056,0.0884382,0.090988,0.085506,0.0758124,0.10327,0.0681882
0.0897725,0.0927992,0.0868654,0.0730277,0.0729616,0.0964731,0.0927528,0.0831418,0.0681988,0.0989974
0.0852273,0.0904822,0.0948246,0.0726717,0.0866087,0.0843306,0.0613016,0.0838201,0.10705,0.0886731
0.0783078,0.0823005,0.0921406,0.0814484,0.104359,0.0882307,0.0746839,0.0727441,0.10171,0.0790644
0.105072,0.105178,0.0881301,0.0961301,0.0748461,0.069494,0.0758042,0.0954224,0.0753413,0.0695726
0.0939314,0.0773137,0.0809492,0.0884836,0.0695557,0.0857258,0.0850198,0.071083,0.10799,0.0949376
0.0793346,0.0845368,0.0710595,0.0855134,0.123753,0.0777309,0.0904037,0.0769468,0.0820383,0.0836731
0.0884286,0.094225,0.0799296,0.0843533,0.0859562,0.0785978,0.0821557,0.0953216,0.0864095,0.0796131
0.0752299,0.101257,0.10294,0.0946342,0.0768331,0.0787424,0.07465,0.0843411,0.0851831,0.0811795
0.0847767,0.113703,0.0749451,0.0904197,0.0889614,0.0958173,0.0894699,0.0685826,0.0834954,0.0648188
0.0999931,0.0893218,0.0858639,0.089721,0.0720413,0.100566,0.0770978,0.0797305,0.0820413,0.0786141
0.0924999,0.0897996,0.0750495,0.0923269,0.0875535,0.0658942,0.0980129,0.0824731,0.0782953,0.0930853
0.0848883,0.0889409,0.0921101,0.0682755,0.0904066,0.0727108,0.072922,0.086059,0.103725,0.0949519
0.0938652,0.105203,0.0590445,0.0983004,0.0866872,0.0679835,0.0796882,0.0943472,0.0917734,0.0780975
0.0853236,0.0880673,0.0910362,0.0729703,0.109041,0.0749761,0.0873293,0.0759854,0.0844552,0.0858063
0.0809206,0.0862879,0.0823646,0.0892061,0.102391,0.0780108,0.0729814,0.0876547,0.0800884,0.0950851
0.076578,0.0763734,0.0847453,0.0869546,0.0711254,0.100511,0.0857469,0.0926322,0.09518,0.0851435
0.0905503,0.088982,0.0746125,0.0936165,0.0893483,0.0716778,0.0944398,0.0965438,0.0823424,0.0728769
0.0974165,0.0866087,0.079091,0.0813905,0.0851073,0.0870707,0.0953265,0.0717916,0.0891994,0.0819881
0.109312,0.070517,0.0861201,0.0974755,0.10203,0.0776589,0.0946968,0.0757664,0.0794461,0.0619677
0.0812544,0.0925966,0.0975537,0.0910292,0.0785278,0.0853856,0.0634891,0.0855752,0.0893034,0.0902751
0.0830052,0.113482,0.094013,0.0711667,0.084091,0.0776756,0.0721307,0.0922663,0.0810958,0.0860637
0.0672316,0.0818287,0.0805932,0.0925329,0.0916946,0.0817486,0.0921504,0.118082,0.0780515,0.0710769
0.075492,0.111204,0.0822317,0.074299,0.0723677,0.109992,0.0761837,0.0850053,0.0901477,0.0780667
0.0850876,0.0922449,0.0861869,0.0832401,0.0953573,0.0719574,0.0763471,0.0888043,0.0962303,0.0795343
0.0866093,0.0651009,0.0982097,0.0939177,0.105569,0.0667726,0.0865687,0.0827018,0.0889688,0.0805718
0.0993534,0.070154,0.0788666,0.0936249,0.108592,0.0911016,0.0568111,0.10384,0.0794927,0.0731534
0.0858999,0.107813,0.0760166,0.0961201,0.079831,0.0773245,0.063039,0.0996732,0.0859647,0.083308
0.0805557,0.0966353,0.0967987,0.0791395,0.0862063,0.084377,0.0831045,0.0820854,0.0757148,0.090373
0.0760863,0.0750711,0.102306,0.0964723,0.0833842,0.0859483,0.0905407,0.0874669,0.08039,0.0773243
0.0748275,0.103623,0.0737842,0.0831651,0.0774477,0.087686,0.0757267,0.101029,0.0868484,0.0908527
0.0817642,0.0810235,0.0959607,0.0748322,0.0766134,0.0855162,0.0938582,0.103031,0.0876759,0.0747149
0.0748104,0.0710717,0.0985982,0.0947213,0.127861,0.0829322,0.0838457,0.0827622,0.0667933,0.0715942
0.0822799,0.0968559,0.0769915,0.102112,0.0785508,0.0983703,0.0745498,0.0670861,0.103708,0.074486
0.0969377,0.0870156,0.0995322,0.0699582,0.0803803,0.0905909,0.0729711,0.0938774,0.0972118,0.0665151
0.102752,0.0838994,0.0616486,0.0934247,0.0915501,0.10463,0.0785541,0.0873994,0.0812505,0.0698821
0.0725409,0.083828,0.0926126,0.0775039,0.0894232,0.108329,0.0914894,0.0976582,0.0736114,0.0679932
0.0815676,0.08685,0.0941294,0.100064,0.0772783,0.0826815,0.0648221,0.117344,0.076431,0.073822
0.0891621,0.0807852,0.0971453,0.077156,0.0885199,0.0963104,0.0934217,0.0725764,0.0856438,0.0742694
0.0916496,0.0971293,0.0966843,0.0821603,0.0703156,0.0889132,0.0860368,0.10347,0.0719308,0.0667005
0.0938045,0.0619068,0.0831314,0.0847531,0.0961175,0.0685146,0.108334,0.0726837,0.0905684,0.0951764
0.0703222,0.102894,0.0892274,0.0831763,0.0808906,0.0911363,0.0773585,0.0957944,0.0911512,0.0730392
0.0964041,0.083487,0.0913442,0.0825796,0.0682649,0.0847534,0.09803,0.0593599,0.102247,0.0885207
0.0744694,0.108886,0.0739356,0.106398,0.0893483,0.0779796,0.0880314,0.077396,0.0883249,0.0702208
0.0952036,0.081579,0.0998092,0.0805394,0.0682703,0.075649,0.100393,0.0817095,0.0960159,0.0758216
0.0753307,0.0917407,0.10392,0.0640285,0.0857087,0.094981,0.079712,0.089284,0.0828741,0.0874106
0.11283,0.0869743,0.0968513,0.0988176,0.0674057,0.0716919,0.0808438,0.0833949,0.0908515,0.0653292
0.0716832,0.0865663,0.0727941,0.0723472,0.108809,0.0920134,0.0948891,0.0854866,0.0767955,0.0936058
0.0832305,0.0757346,0.061258,0.0903984,0.101946,0.082113,0.0963184,0.0961764,0.0723147,0.0955004
0.0677431,0.0735548,0.0941909,0.0774466,0.0837628,0.0864689,0.0714559,0.113691,0.0815613,0.105115
0.0804432,0.0824466,0.0857936,0.070286,0.0792622,0.0846491,0.101348,0.074506,0.0964771,0.0997784
0.0850147,0.0970701,0.0649202,0.0584647,0.0822041,0.0889906,0.0696004,0.128353,0.102507,0.0778654
0.0816408,0.07023,0.0799808,0.096636,0.0819522,0.0911326,0.0899144,0.0850314,0.0863335,0.0921385
0.0760476,0.101099,0.0744273,0.0785448,0.0767972,0.0992398,0.101445,0.0862855,0.0686733,0.092431
0.0783824,0.0747929,0.0693846,0.0974888,0.0597208,0.075907,0.113787,0.10546,0.0914347,0.0886322
0.0820993,0.077309,0.0906844,0.082462,0.0846418,0.0706846,0.0888926,0.094218,0.0960038,0.0879948
0.0825114,0.0912678,0.0887744,0.104397,0.0781198,0.0934082,0.0678921,0.0706328,0.0969588,0.0810276
0.0804417,0.0838205,0.0805418,0.089548,0.0964781,0.0822534,0.0891349,0.0814125,0.0943792,0.0769802
0.0902892,0.0743112,0.0876489,0.0991472,0.0653583,0.0982018,0.0958063,0.0662131,0.101473,0.0765408
0.071287,0.0740485,0.0749585,0.0857139,0.080188,0.125951,0.0893974,0.0698529,0.0877908,0.0958025
0.0868925,0.102491,0.0928899,0.0839308,0.0773531,0.0807122,0.0702253,0.0795607,0.0777167,0.103218
0.0916659,0.066137,0.0937053,0.0773654,0.108477,0.0753724,0.0843085,0.0884698,0.0888219,0.0806666
0.0812467,0.0753473,0.0918512,0.0709605,0.103615,0.0792764,0.0719313,0.0839976,0.0916716,0.105092
0.076742,0.108297,0.0798084,0.0858234,0.0669675,0.0858788,0.0763867,0.0810538,0.0932895,0.100744
0.0895339,0.0755175,0.0744073,0.0718553,0.0860884,0.114939,0.101727,0.0880965,0.0714429,0.081383
0.0733928,0.0807916,0.0983135,0.0933164,0.0868716,0.0945723,0.0807013,0.0815214,0.0836825,0.0818269
0.0722,0.086071,0.0881801,0.0959215,0.0712064,0.0779118,0.107443,0.0956683,0.0693294,0.0910589
0.0838758,0.0673276,0.0749701,0.0874786,0.0788192,0.0877599,0.080359,0.08642,0.113168,0.0948118
0.0681088,0.0688066,0.0931051,0.0939416,0.0631502,0.0985774,0.090763,0.0994815,0.0974252,0.0816309
0.0597162,0.0927972,0.100715,0.0854585,0.0842978,0.0902832,0.0894234,0.0902271,0.0857806,0.0762915
0.073951,0.089544,0.0889562,0.0955144,0.0756072,0.0908494,0.076484,0.0919971,0.0872605,0.0848264
0.0903369,0.0623236,0.0840345,0.0952395,0.0832867,0.108312,0.0679978,0.0859066,0.0795926,0.0979599
0.0897161,0.0927009,0.0927218,0.0774852,0.103361,0.0765451,0.0880996,0.0826443,0.0746519,0.0770639
0.087403,0.0869256,0.0643793,0.0753571,0.0796049,0.0903413,0.0887022,0.0731134,0.0791228,0.130041
0.0893524,0.0805607,0.0675143,0.0882493,0.109513,0.100001,0.0656175,0.0973917,0.0764415,0.0803489
0.0718086,0.0714385,0.0996876,0.0818665,0.0871614,0.111902,0.0831857,0.0865011,0.0832897,0.0781495
0.0736906,0.0810852,0.101884,0.0741043,0.0830166,0.0699733,0.0909946,0.0803482,0.0921504,0.107743
0.0731948,0.117233,0.083927,0.0809762,0.0892721,0.0871448,0.0742716,0.0812175,0.085028,0.0827255
0.0981839,0.0835376,0.0905169,0.0731653,0.0792866,0.105376,0.0725829,0.0811797,0.0776366,0.0935248
0.077048,0.0882467,0.0804607,0.0946499,0.101866,0.0851312,0.085106,0.0833969,0.0789338,0.0801509
0.0828441,0.0907823,0.0819389,0.0849589,0.0741125,0.0768162,0.0793358,0.0748189,0.110133,0.0992496
0.0959585,0.0778462,0.0859351,0.0714821,0.0772105,0.0803578,0.0934852,0.0711841,0.106013,0.0955175
0.0934466,0.0851162,0.0948216,0.0834725,0.0786752,0.0789703,0.0907991,0.0727171,0.0890089,0.0879629
0.113785,0.0725852,0.0760134,0.0950244,0.0881656,0.083389,0.0723454,0.0745384,0.0912259,0.0879184
0.0686068,0.0995661,0.102407,0.0871623,0.0867956,0.0708715,0.0838083,0.0967382,0.0789815,0.0800526
0.0856043,0.0998609,0.0886738,0.0725001,0.0721185,0.112879,0.081514,0.0837843,0.0798973,0.0781584
0.09446,0.083071,0.0864382,0.101559,0.060582,0.0887486,0.0670261,0.0803032,0.0970008,0.0958013
0.0929522,0.0888723,0.087225,0.0891807,0.0863717,0.0935967,0.0780404,0.0800856,0.0835783,0.0750874
0.0858516,0.081418,0.0787957,0.107107,0.0742649,0.0973077,0.0813277,0.0954048,0.0786383,0.0748743
0.0913594,0.0833405,0.0855046,0.0800778,0.0784283,0.0818192,0.0836751,0.076612,0.101146,0.0930276
0.0971133,0.0796408,0.0816674,0.0909398,0.0899647,0.0931046,0.0791001,0.0701275,0.0707811,0.102551
0.0698075,0.0894615,0.0813158,0.0899311,0.0878689,0.0629093,0.0797978,0.0811241,0.0966055,0.116169
0.0880592,0.0760148,0.0964061,0.0793032,0.100519,0.0939985,0.0745408,0.0905802,0.0741038,0.0814645
0.0741726,0.0937388,0.0753327,0.0753861,0.0794826,0.097249,0.0839315,0.0747161,0.119209,0.081772
0.0802426,0.102841,0.106753,0.0752235,0.0909119,0.0806422,0.0722799,0.0943402,0.0799501,0.0718054
0.0860626,0.0845628,0.112563,0.10107,0.070769,0.0857123,0.0650046,0.101675,0.0842881,0.0632836
0.085036,0.0930267,0.0980079,0.0939261,0.101243,0.0654704,0.0788039,0.0766463,0.0929746,0.069855
0.0784053,0.101844,0.0902719,0.0731704,0.0895955,0.0867124,0.0951385,0.0751514,0.0891642,0.0755368
0.0960719,0.0895854,0.0690527,0.0766386,0.0794175,0.0813651,0.0992528,0.0921752,0.0836438,0.0877873
0.0887055,0.0798422,0.0846095,0.0872548,0.0781688,0.0852844,0.0829478,0.0748518,0.099766,0.0935595
0.0648373,0.0845847,0.0769864,0.0831092,0.0830939,0.121811,0.103664,0.0731781,0.0771775,0.0865478
0.0931213,0.080822,0.0887202,0.0841949,0.0823935,0.0775338,0.08139,0.0885809,0.0851902,0.0930436
0.0873715,0.112189,0.0788153,0.0909456,0.10319,0.0794523,0.0843952,0.0699839,0.065981,0.0826668
0.104861,0.0721063,0.0833233,0.0918709,0.0889705,0.0816435,0.0960608,0.0721031,0.082869,0.0811819
0.071593,0.0960484,0.0874862,0.0837454,0.083986,0.0791899,0.0820473,0.090575,0.0838154,0.0965037
0.0820551,0.0757019,0.0767741,0.0890411,0.102326,0.100896,0.0729523,0.0761671,0.0755365,0.10354
0.0742391,0.0931204,0.0726542,0.0837285,0.106552,0.0921057,0.0791781,0.0925568,0.0856131,0.075242
0.0993693,0.0720988,0.0756911,0.0794041,0.0857892,0.0924581,0.0878483,0.0838762,0.0962973,0.0821578
0.08553,0.0799488,0.0850878,0.105553,0.0931391,0.0722341,0.0782531,0.0759953,0.0788924,0.100357
0.066336,0.0876853,0.080234,0.0991905,0.0753806,0.0898966,0.106368,0.0851178,0.0748305,0.0899515
0.0813779,0.0822453,0.0765267,0.099516,0.0823801,0.0646199,0.100763,0.0776935,0.111714,0.0781541
0.0710522,0.0857547,0.0708609,0.0944498,0.0940959,0.0901864,0.0779967,0.0995179,0.0796064,0.0914693
0.0749233,0.069561,0.10295,0.0903346,0.085453,0.083372,0.0793254,0.0804912,0.108173,0.0804068
0.112421,0.0898988,0.0796183,0.0691457,0.0831295,0.0683956,0.09719,0.0771428,0.0898372,0.0882112
0.100104,0.0664445,0.0857579,0.08586,0.0984968,0.0950862,0.0727377,0.0700008,0.0961152,0.0843869
0.0961895,0.0937128,0.0822359,0.0757146,0.0815928,0.0754258,0.0767041,0.0951046,0.0920378,0.0862724
0.0954536,0.0816656,0.0816931,0.0852338,0.0969783,0.0920624,0.0812012,0.0930089,0.0678919,0.0798015
0.107528,0.0965562,0.0818107,0.0775549,0.0970887,0.0981265,0.0691521,0.080852,0.0728521,0.0734687
0.0829689,0.0747461,0.0756063,0.0851458,0.0929047,0.0754362,0.0973056,0.098454,0.0838429,0.0885799
0.0933149,0.082708,0.0685028,0.102421,0.094759,0.0791596,0.0935945,0.0811184,0.0805663,0.0788452
0.0857572,0.0804301,0.0938287,0.0647541,0.0723196,0.0802426,0.0892069,0.0813803,0.11083,0.096241
0.0776911,0.0671204,0.0814845,0.0964542,0.0765375,0.0999551,0.0996412,0.0936282,0.0849552,0.0775228
0.0803997,0.0929909,0.0813546,0.0798961,0.0928951,0.0788435,0.0884975,0.0938649,0.0994327,0.0668153
0.0972079,0.068627,0.0632567,0.0886516,0.083556,0.10225,0.105838,0.0760575,0.0880574,0.0814884
0.0655485,0.0904954,0.0743127,0.0718061,0.0822417,0.103583,0.0870255,0.0877044,0.111676,0.0805973
0.0701105,0.0929124,0.0770401,0.0806985,0.0836638,0.0775393,0.0962197,0.0930091,0.0923255,0.0914714
0.0800672,0.0879603,0.0718384,0.0761571,0.0934722,0.0815356,0.0859994,0.0825018,0.101027,0.0944313
0.0962953,0.0816245,0.107281,0.0917782,0.0832502,0.0699802,0.0723863,0.0791719,0.0821613,0.0910614
0.0815862,0.0957152,0.0895573,0.0915533,0.0987389,0.0734112,0.077983,0.0834907,0.0797452,0.0832093
0.0939475,0.0855728,0.0944703,0.0617736,0.095443,0.0744593,0.0658767,0.077108,0.112684,0.0936554
0.113526,0.0828085,0.0760194,0.0816767,0.077342,0.0920575,0.0802031,0.0700188,0.100412,0.0809263
0.0815086,0.0924704,0.0734306,0.070965,0.096615,0.0718326,0.108334,0.0926616,0.0743786,0.0927936
0.0801914,0.0723779,0.0862152,0.0818697,0.108924,0.0812246,0.0869975,0.088872,0.0846145,0.0837032
0.0898139,0.0765542,0.0889091,0.0834975,0.0824196,0.0721396,0.0962433,0.0904039,0.0959889,0.0790203
0.0837235,0.086256,0.0983212,0.0623577,0.0962307,0.0857376,0.0728149,0.0872662,0.0874834,0.0947992
0.0995249,0.0969138,0.0906623,0.0699808,0.0748324,0.0890593,0.087661,0.0834807,0.0823171,0.080558
0.119409,0.0597363,0.0886428,0.0779849,0.0896349,0.088752,0.0755791,0.0799971,0.085146,0.0901085
0.0955827,0.0833356,0.0841165,0.070262,0.0752786,0.0627058,0.114838,0.0904946,0.0757639,0.102612
0.0811275,0.0746009,0.0894725,0.0872847,0.081392,0.0929272,0.0774312,0.082553,0.101265,0.0869365
0.0887638,0.0733875,0.075971,0.11056,0.085201,0.075481,0.0894076,0.0771051,0.0843897,0.0947238
0.0995068,0.0834404,0.0768417,0.104877,0.072505,0.0918916,0.0954016,0.0599172,0.0789154,0.0916929
0.0838947,0.0716288,0.0765981,0.086546,0.0836167,0.0868561,0.11195,0.0964923,0.0740104,0.0833971
0.0709972,0.0917118,0.0900987,0.0881534,0.105024,0.0725992,0.0654026,0.0973564,0.0833907,0.0902563
0.0784299,0.0933678,0.0721048,0.0840109,0.10383,0.0916884,0.0876492,0.0827678,0.0870167,0.0741242
0.0824366,0.104438,0.078637,0.0612142,0.0765727,0.0973177,0.0743474,0.0860059,0.0975333,0.0964877
0.0936636,0.109977,0.0803461,0.0812116,0.0773631,0.0861512,0.101373,0.0690814,0.0889044,0.0669181
0.0831534,0.10547,0.0784314,0.0686265,0.0734408,0.0851559,0.0871729,0.0960498,0.0913471,0.0861423
0.0855824,0.0782755,0.0891433,0.108803,0.0705339,0.0862205,0.104315,0.0860918,0.0724434,0.0735817
0.0861485,0.0795414,0.0784559,0.0960535,0.0871038,0.0762409,0.0964783,0.0735342,0.0956422,0.0857916
0.126835,0.10294,0.0997868,0.0713641,0.0801105,0.0855185,0.0712031,0.0557215,0.0693757,0.0921347
0.102665,0.072201,0.0818483,0.0941105,0.0942106,0.0697447,0.0662209,0.102111,0.0750569,0.0968218
0.0818918,0.0982164,0.0811237,0.0905134,0.110451,0.0800549,0.0904093,0.0725012,0.0705617,0.0792669
0.0790211,0.0809692,0.0812578,0.0793509,0.0795094,0.0946795,0.107463,0.0751748,0.0964558,0.0811084
0.0686282,0.105171,0.0974078,0.0655717,0.0893159,0.0783584,0.101196,0.0877693,0.090146,0.0714263
0.0792197,0.0782354,0.0788031,0.081137,0.0912409,0.113349,0.0790522,0.0778173,0.0819964,0.0941391
0.0948742,0.10181,0.0741066,0.0941589,0.0737902,0.0846455,0.0758858,0.081275,0.0782593,0.0961847
0.0616359,0.102085,0.102798,0.0995978,0.0807915,0.0730153,0.0857259,0.0734422,0.0799014,0.0959972
0.0866973,0.096061,0.0857411,0.0923486,0.0761136,0.0790719,0.0806141,0.0697564,0.0756164,0.11297
0.0791609,0.0967163,0.0887855,0.0791095,0.0986537,0.104582,0.0833631,0.0728224,0.0690695,0.0827273
0.0655505,0.0889858,0.0904676,0.0909098,0.0858088,0.0853115,0.0675665,0.102709,0.0916392,0.0860416
0.0931716,0.0722166,0.0855346,0.0822255,0.0985545,0.0999382,0.0901756,0.0746943,0.076115,0.0823643
0.101777,0.0782672,0.0905393,0.0623245,0.098159,0.0852058,0.0840662,0.0806397,0.101943,0.0720684
0.0692976,0.0805896,0.0728703,0.0895757,0.0910572,0.09195,0.0819346,0.0803004,0.081029,0.116386
0.103379,0.0752918,0.110426,0.0776034,0.0885914,0.0770842,0.0818225,0.0816031,0.0851308,0.0740581
0.0930414,0.0827473,0.0730046,0.085347,0.0733175,0.125594,0.0901506,0.0860695,0.0614508,0.084268
0.0930899,0.114571,0.0759355,0.0888565,0.0877438,0.0675231,0.076729,0.0827115,0.0771642,0.0906659
0.0748858,0.0944877,0.0903021,0.0985616,0.0792185,0.0787157,0.0829478,0.0795937,0.102119,0.0741584
0.0931319,0.0829329,0.0763596,0.0791841,0.0851301,0.0872058,0.0797986,0.107048,0.0898448,0.0743543
0.0945625,0.0869472,0.0646921,0.0969923,0.101921,0.0750469,0.080734,0.0836041,0.0933907,0.0770994
0.0978646,0.0718886,0.0746859,0.0682542,0.0961201,0.0963305,0.0891641,0.0839968,0.0780737,0.0986118
0.0985974,0.079872,0.0717905,0.0774663,0.0752604,0.0945832,0.0920682,0.0769087,0.0854652,0.102978
0.0791707,0.0877178,0.107351,0.0887584,0.0736154,0.0936916,0.0731886,0.0865243,0.0830337,0.0819388
0.0728685,0.0778049,0.0842849,0.0919935,0.0820174,0.0966296,0.0897552,0.0941662,0.0867341,0.0787358
0.127481,0.0834023,0.0907416,0.0975107,0.0883073,0.0752742,0.0739148,0.0688268,0.0772858,0.0722457
0.0769218,0.0864425,0.0727414,0.0843982,0.0992502,0.0892718,0.0935409,0.0768948,0.088393,0.0871357
0.0783984,0.0977866,0.0824516,0.092559,0.0862384,0.0920591,0.0715659,0.0941951,0.0909238,0.0688123
0.0821578,0.0980244,0.0870172,0.0817208,0.0834977,0.0764334,0.0808384,0.0889346,0.0715298,0.104836
0.0914878,0.0673057,0.0926798,0.0764476,0.100545,0.103796,0.0712664,0.0921944,0.0701513,0.0891169
0.0753402,0.0758584,0.0709756,0.0834008,0.115338,0.0927811,0.0964483,0.0938998,0.0724732,0.0784746
0.0818017,0.0960534,0.0929745,0.0638506,0.116274,0.0855882,0.0745682,0.0709759,0.0731655,0.0997384
0.0829835,0.0857199,0.0747755,0.0772426,0.0764847,0.0919282,0.0803316,0.0954996,0.0893622,0.100663
0.090468,0.0831038,0.0903813,0.0820066,0.0812054,0.0907623,0.0729817,0.0875872,0.0704423,0.106052
0.0699719,0.0819383,0.112063,0.0819599,0.0803412,0.0833318,0.0774602,0.0905758,0.0887926,0.088556
0.0865671,0.0905952,0.0920564,0.0734583,0.108733,0.0746349,0.0868299,0.0662391,0.0902125,0.0856641
0.0737267,0.0943793,0.0965062,0.0942663,0.0823088,0.075405,0.0913421,0.0870412,0.0614525,0.0985623
0.0867304,0.0788488,0.088121,0.0801127,0.082513,0.0874301,0.0703967,0.0955391,0.0928887,0.0924096
0.0689853,0.077279,0.0787429,0.0760601,0.078557,0.106655,0.0814118,0.0934134,0.0844907,0.109395
0.0826344,0.0709404,0.0875324,0.0829569,0.100995,0.0845625,0.0934294,0.0892106,0.0749275,0.0878017
0.0792426,0.0873221,0.0936968,0.0943434,0.0809701,0.0840046,0.0628978,0.11816,0.0850158,0.0693368
0.0961868,0.0796295,0.0795402,0.085926,0.102979,0.0830167,0.086437,0.0851566,0.077266,0.078852
0.0997056,0.0637159,0.085887,0.0970245,0.0688167,0.0844132,0.0909779,0.0844007,0.102462,0.0775871
0.080651,0.0733132,0.0940895,0.092319,0.0964065,0.0726074,0.0702076,0.0841656,0.108361,0.0828692
0.0722522,0.109344,0.0990711,0.0665553,0.0795357,0.0745636,0.0875256,0.0964774,0.0867086,0.0829565
0.0694614,0.0777976,0.0741639,0.0872397,0.0899906,0.0829121,0.105353,0.0849197,0.0956903,0.0874622
0.0804966,0.070044,0.0888113,0.0995972,0.0814031,0.0880912,0.0945722,0.0758175,0.0940752,0.0820821
0.0701602,0.0721832,0.107987,0.0852985,0.0765673,0.0756542,0.100283,0.0903539,0.0783819,0.0981211
0.077635,0.0960782,0.0799955,0.0945843,0.0883543,0.0963927,0.0772479,0.0920941,0.0811481,0.0714602
0.0828787,0.0852102,0.100604,0.0855785,0.0852023,0.0820182,0.0831632,0.0814199,0.0884843,0.0804306
0.0755714,0.0875195,0.112145,0.070165,0.0781183,0.103684,0.0982124,0.0683964,0.0935719,0.0676062
0.0752249,0.0839482,0.0799802,0.0778558,0.0910742,0.107396,0.0935763,0.0833916,0.0799038,0.082639
0.0657819,0.105595,0.108118,0.0650654,0.0665213,0.0850878,0.0812066,0.103213,0.0854521,0.0889489
0.0619388,0.0874941,0.0740539,0.0983795,0.0930258,0.0950787,0.0890534,0.0853903,0.0847626,0.0858132
0.077582,0.0873837,0.107655,0.0726579,0.086433,0.0860035,0.0856867,0.0875597,0.0762754,0.0877535
0.0819813,0.0811361,0.101428,0.083185,0.0927608,0.084338,0.0903844,0.0817671,0.0795186,0.0784904
0.084439,0.0757737,0.0786569,0.082426,0.0881538,0.0740272,0.0866394,0.0999746,0.083422,0.101478
0.0717173,0.0938996,0.0896659,0.0972168,0.0810951,0.0795245,0.0836413,0.0961073,0.0836804,0.0784422
0.0848721,0.0985939,0.0809469,0.0781661,0.0914159,0.0888656,0.0836388,0.0830803,0.0863429,0.0790677
0.0736283,0.0878632,0.0858547,0.0825311,0.0849034,0.0840738,0.0881355,0.104459,0.084692,0.0788499
0.0673327,0.115407,0.0802765,0.0863439,0.0764041,0.0736185,0.0868685,0.0987977,0.0901209,0.0798209
0.0882163,0.089351,0.0895988,0.0823038,0.0698477,0.0840376,0.0704848,0.0732421,0.100706,0.107202
0.095331,0.0976225,0.0739494,0.082815,0.092586,0.0794628,0.0859002,0.0928213,0.0881516,0.0663503
0.101254,0.0653869,0.106096,0.0713773,0.0727283,0.0810915,0.100833,0.0807808,0.0924674,0.0829748
0.0780252,0.0808428,0.0969387,0.0954616,0.100036,0.0810083,0.0927596,0.0762394,0.0647436,0.0889355
0.0729983,0.0947509,0.0940607,0.077138,0.0756297,0.0809576,0.0774169,0.0841773,0.10784,0.0900213
0.0936891,0.0684762,0.0891477,0.0746372,0.0811505,0.0976853,0.0799849,0.0924992,0.0889308,0.0887895
0.0774674,0.0743928,0.0886401,0.0715719,0.0840687,0.0902845,0.101828,0.0841038,0.0914724,0.0911606
0.0855771,0.10314,0.0684163,0.0812299,0.106123,0.0903285,0.0711793,0.0911555,0.0732417,0.0845989
0.102911,0.060394,0.0626509,0.0780215,0.0821227,0.0890086,0.0863909,0.0962475,0.113132,0.0841108
0.0967993,0.101866,0.0765166,0.0835954,0.0795062,0.0660858,0.0702665,0.0796508,0.120442,0.0802615
0.0811119,0.0724192,0.0768084,0.107576,0.0877843,0.0788634,0.0905866,0.0886969,0.0878067,0.0833371
0.0757367,0.0787909,0.077156,0.106878,0.101185,0.0986489,0.0803829,0.0916993,0.0576138,0.086899
0.0811689,0.089588,0.0943587,0.0802474,0.0987797,0.0925535,0.0872877,0.0852281,0.0573035,0.0884747
0.0746996,0.0914683,0.0865182,0.103842,0.0854175,0.0757882,0.0851332,0.074636,0.0962688,0.0812181
0.0862949,0.0860369,0.100525,0.100605,0.063484,0.0802967,0.0831104,0.0915157,0.0913641,0.0717566
0.0865301,0.101208,0.0728725,0.0724243,0.106482,0.102377,0.070571,0.0692657,0.0790148,0.0942449
0.0821977,0.0729056,0.0815445,0.0880141,0.0899063,0.0701308,0.0803417,0.109877,0.0982214,0.0818512
0.0843015,0.0915999,0.0812527,0.0728566,0.0634629,0.0912383,0.0797417,0.0806658,0.100742,0.109129
0.0685846,0.079549,0.0820688,0.0616748,0.0869701,0.0789362,0.122182,0.10195,0.080637,0.0924372
0.0804773,0.0869115,0.0887592,0.0799693,0.088482,0.0875532,0.0882238,0.0824754,0.0914955,0.0806431
0.0872881,0.0868412,0.0884727,0.0981298,0.0700155,0.0888782,0.0760957,0.0901437,0.093845,0.0752803
0.0923036,0.0660683,0.0874269,0.104389,0.0980912,0.0724094,0.0996952,0.0687049,0.0781048,0.0877975
0.0718514,0.0857627,0.108785,0.102845,0.0769674,0.0958357,0.0660614,0.0874256,0.0918635,0.067592
0.0765126,0.102638,0.0718298,0.092196,0.086638,0.0847958,0.0720589,0.0900156,0.0840967,0.0942092
0.0744424,0.0990294,0.0761471,0.0815056,0.100556,0.0903679,0.0852195,0.0790434,0.0943329,0.0743463
0.0658426,0.0946651,0.104326,0.0875054,0.0681465,0.0687606,0.0924894,0.0817054,0.0901584,0.101391
0.0922656,0.0866453,0.0877464,0.0883833,0.085313,0.0909604,0.0770404,0.0843289,0.0900734,0.0722336
0.0853693,0.0776846,0.0828043,0.102095,0.0863165,0.0869765,0.0826894,0.094314,0.0730616,0.0836786
0.0835176,0.0802637,0.0707652,0.0728226,0.0819157,0.114363,0.0678238,0.104536,0.0778642,0.101118
0.0826939,0.0833189,0.101826,0.0974348,0.0817798,0.0896611,0.0727347,0.0904514,0.0737278,0.0813621
0.0812584,0.0878149,0.0929991,0.0665437,0.0921728,0.0781421,0.0926519,0.0805691,0.0941114,0.0887269
0.0763875,0.0932587,0.0962115,0.0756743,0.0826655,0.105716,0.0665116,0.0939114,0.0911622,0.0734915
0.0932358,0.0796229,0.0816758,0.0917027,0.11094,0.0622316,0.102392,0.0800318,0.0781369,0.0750208
0.0894757,0.0900272,0.0706997,0.080722,0.0860383,0.0839986,0.0857491,0.0938176,0.0894293,0.085033
0.0917679,0.091131,0.0884224,0.0617291,0.0736774,0.111677,0.0900623,0.0750754,0.0830822,0.0883657
0.0844551,0.067215,0.0779738,0.0816183,0.0896449,0.0914864,0.07336,0.0993993,0.096729,0.0931084
0.0672445,0.0840278,0.0753919,0.0971251,0.0909987,0.0820787,0.0840636,0.0955816,0.0928167,0.0856615
0.0846458,0.0887733,0.0857186,0.0942887,0.0831753,0.0744768,0.100668,0.0900336,0.0754697,0.0777403
0.0950455,0.0674919,0.0986144,0.0750915,0.0894437,0.0827099,0.097114,0.0816199,0.0922973,0.0755621
0.0804415,0.0709458,0.0968377,0.0794061,0.0933102,0.0757324,0.0995229,0.100808,0.0829835,0.0750019
0.0861999,0.09323,0.074731,0.0992971,0.0821227,0.0993097,0.0750176,0.0698744,0.0909601,0.0842477
0.0952283,0.0710525,0.097744,0.0830416,0.0979035,0.0972725,0.0899547,0.0759551,0.0709891,0.0758488
0.0791228,0.0766239,0.091051,0.0885483,0.099531,0.0756559,0.0812501,0.0704762,0.100738,0.0919933
0.0818029,0.0700594,0.0787227,0.0893019,0.108575,0.0889308,0.112426,0.0723668,0.0861961,0.0666087
0.0905865,0.0679973,0.105988,0.0765152,0.101524,0.0923123,0.0780464,0.0849675,0.0725975,0.0844557
0.0900401,0.0725125,0.0944756,0.0792804,0.0740841,0.0923588,0.10775,0.0805384,0.0881242,0.0758265
0.0824023,0.102056,0.0898207,0.0995555,0.0838411,0.0606277,0.0962888,0.0707862,0.0770325,0.0925791
0.0938466,0.0827628,0.0805172,0.0627439,0.0776967,0.100784,0.0880453,0.0955507,0.091267,0.081776
0.0832746,0.0840083,0.0893776,0.0770394,0.0898044,0.0722689,0.109634,0.0785268,0.0851715,0.0858843
0.095915,0.0910372,0.106293,0.0726309,0.0802284,0.0876588,0.0740495,0.0682891,0.104776,0.0741123
0.0798668,0.0650639,0.0762318,0.0991138,0.0872131,0.0764068,0.0961835,0.0758399,0.0960994,0.102971
0.072866,0.11482,0.0699894,0.108789,0.0760222,0.0842893,0.0916388,0.0823429,0.0662063,0.0880264
0.0698043,0.115185,0.0694712,0.0689646,0.0966326,0.0848663,0.0872926,0.0785547,0.0724172,0.111802
0.088113,0.0755702,0.0800343,0.0849379,0.0949999,0.0733001,0.0831994,0.0909312,0.0932057,0.0906984
0.0934947,0.094203,0.07573,0.0750452,0.0867366,0.0921376,0.0909836,0.106489,0.0800243,0.0601461
0.0811141,0.08691,0.088178,0.0820297,0.0869329,0.102086,0.0872048,0.0775322,0.0833392,0.0796631
0.105193,0.0889262,0.0886586,0.0878032,0.0788171,0.084591,0.0778816,0.0979424,0.0713828,0.0737947
0.0942643,0.0682941,0.0814126,0.0925741,0.0856473,0.0808263,0.0953227,0.0895125,0.0881941,0.0789423
0.0955039,0.0931508,0.1018,0.0739116,0.0757651,0.0977245,0.0900039,0.0744076,0.0807218,0.0720012
0.082477,0.0968138,0.0750908,0.0764045,0.0736839,0.0913068,0.101437,0.0817476,0.104554,0.0714749
0.0819683,0.103379,0.0666833,0.0921183,0.0786102,0.0725474,0.0818885,0.0711066,0.108224,0.0984641
0.0820066,0.0844363,0.0846358,0.078552,0.0991693,0.096887,0.0647469,0.0948963,0.0767757,0.0928844
0.0743083,0.100009,0.0755885,0.0720004,0.0875782,0.0978847,0.0983632,0.0952185,0.0724082,0.081631
0.0741329,0.0692793,0.084382,0.0791844,0.101231,0.0804633,0.100184,0.0880997,0.097393,0.0806407
0.0976722,0.0982807,0.0858554,0.0831575,0.0830251,0.0857053,0.078594,0.0916421,0.0694615,0.0815966
0.0611568,0.0853924,0.0946752,0.0837283,0.108093,0.098718,0.0920668,0.0760932,0.0795317,0.0755344
0.0960331,0.0822255,0.0728706,0.0805513,0.0888623,0.0986956,0.0872959,0.064778,0.110598,0.0730803
0.0916826,0.099342,0.091931,0.0812397,0.0593676,0.0800739,0.0937852,0.0927942,0.0689692,0.0958049
0.0769233,0.104671,0.0904018,0.0646423,0.0928221,0.0820504,0.0985524,0.0778819,0.0866713,0.0803735
0.0656886,0.0683251,0.0860763,0.0976396,0.0707863,0.108207,0.082038,0.108035,0.0859745,0.0822199
0.0927539,0.0726086,0.0693328,0.0862329,0.0870955,0.0928517,0.0933613,0.0867233,0.0901382,0.083892
0.0789961,0.0884342,0.108821,0.0862814,0.0644536,0.0753079,0.0833465,0.095032,0.105005,0.0693123
0.0991916,0.0715387,0.0805462,0.0646374,0.0725709,0.0856688,0.0734055,0.0829113,0.104626,0.119893
0.0896404,0.0846576,0.0643983,0.0918761,0.0962241,0.0831038,0.0779364,0.0915862,0.0872931,0.0882743
0.108638,0.0809189,0.0899143,0.0691798,0.0873318,0.090858,0.0866844,0.0877215,0.0818964,0.0718473
0.0827424,0.0862941,0.0975346,0.091769,0.0957363,0.0850872,0.0896916,0.083206,0.0784335,0.0644956
0.0896464,0.076729,0.0887702,0.0816083,0.0891476,0.0936347,0.0962939,0.0932629,0.0732185,0.0726788
0.120551,0.0805558,0.086357,0.0782205,0.07657,0.0758574,0.0770455,0.0846235,0.10084,0.0743698
0.0818565,0.0766666,0.0922942,0.09621,0.102808,0.076063,0.0663281,0.0891593,0.0760074,0.0975969
0.0817425,0.0763635,0.100939,0.0794125,0.083787,0.0825033,0.0824855,0.0759923,0.0940094,0.0977553
0.0863277,0.085029,0.102462,0.0711094,0.0812061,0.0833867,0.0770417,0.0713691,0.11342,0.0836377
0.0877943,0.0722286,0.0770241,0.0940012,0.0962521,0.0914166,0.0777704,0.0817568,0.0915808,0.0851653
0.0945518,0.120207,0.0837969,0.0690394,0.0884723,0.0779223,0.0799905,0.084314,0.0825751,0.0741207
0.0992774,0.0675427,0.0845931,0.0928498,0.0914921,0.102273,0.0736897,0.099079,0.068516,0.0756772
0.0876033,0.0791204,0.0742945,0.0867882,0.0917469,0.0853354,0.0881926,0.114091,0.0688109,0.0790069
0.081036,0.0832304,0.0867871,0.0795857,0.0921234,0.0781957,0.108751,0.0637062,0.08732,0.094255
0.104204,0.0912169,0.0802871,0.0831777,0.0730661,0.0791961,0.0775139,0.0931709,0.0915359,0.0816221
0.102828,0.0722378,0.0837447,0.0884127,0.0840358,0.092578,0.0887836,0.0795954,0.0808806,0.0818935
0.0996375,0.0761464,0.100688,0.0811942,0.0812962,0.0950978,0.0771551,0.0724957,0.0802341,0.0910451
0.0978403,0.071109,0.0935865,0.0875898,0.0754985,0.0882443,0.0913989,0.0708022,0.0934843,0.0854365
0.0865859,0.0646357,0.109357,0.0830954,0.0891795,0.0966261,0.0718798,0.077088,0.088695,0.087848
0.0974604,0.0977078,0.085067,0.0858257,0.0845602,0.0836406,0.0843534,0.0550145,0.0858084,0.0955522
0.0661998,0.102633,0.0900292,0.100003,0.0926681,0.0941025,0.0733733,0.071869,0.0777175,0.0863949
0.0860546,0.0759823,0.0959741,0.100141,0.0742438,0.0822578,0.0736632,0.0687838,0.0950035,0.102886
0.0880693,0.0736397,0.069131,0.118966,0.0865054,0.0809978,0.0883262,0.0904154,0.0822311,0.0767085
0.0799518,0.0970626,0.0911728,0.0797546,0.0653982,0.078845,0.0849868,0.0876617,0.0854239,0.104733
0.0959154,0.101794,0.0622411,0.105857,0.0713344,0.0794796,0.0877249,0.0891408,0.0774941,0.0840089
0.0812491,0.0826617,0.0877469,0.0829952,0.0845466,0.0769419,0.0746936,0.0983192,0.114441,0.0713947
0.0981161,0.0807481,0.0848243,0.106188,0.0842884,0.0783743,0.0764242,0.0848307,0.0910216,0.0701751
0.0750908,0.0941646,0.0682938,0.0822422,0.089434,0.0897022,0.0958323,0.0912979,0.0832332,0.0856992
0.0873196,0.103909,0.0761341,0.0834614,0.0736143,0.0865263,0.0812761,0.0932139,0.0772869,0.0922488
0.0968932,0.0887103,0.0814112,0.0809605,0.0934455,0.0884434,0.0852523,0.0666522,0.0843066,0.0889152
0.114497,0.0905243,0.0792276,0.0818564,0.0722455,0.0801902,0.0889389,0.0807719,0.0829566,0.0837823
0.0930123,0.0767924,0.0866804,0.0893678,0.091535,0.0856645,0.0731746,0.0776122,0.106228,0.074923
0.0621512,0.0875789,0.093241,0.0818682,0.0966952,0.0930966,0.105727,0.0763773,0.0717834,0.0864709
0.0776387,0.0842813,0.074201,0.0887032,0.0807805,0.0969335,0.0621236,0.0781641,0.0977428,0.114422
0.0860613,0.102796,0.0810765,0.0955734,0.0796405,0.0840091,0.0766726,0.0871698,0.0880267,0.0739645
0.0799437,0.0940704,0.0723672,0.100984,0.0721387,0.107196,0.0949106,0.0737239,0.0878657,0.0717902
0.104157,0.109312,0.0767752,0.0572919,0.0963963,0.0730834,0.0897618,0.0738848,0.0879107,0.0864175
0.0806726,0.0945897,0.100331,0.0758685,0.101153,0.105219,0.0728139,0.0727194,0.0707365,0.0808868
0.0918932,0.0968282,0.0903264,0.0882289,0.0806573,0.0803607,0.0929,0.0833065,0.0877452,0.0627438
0.112274,0.0676952,0.0747655,0.0848252,0.0678766,0.0916942,0.0800155,0.0956946,0.104857,0.0752929
0.087922,0.070401,0.0754687,0.0824233,0.0927331,0.0980373,0.0911748,0.0785048,0.0934327,0.0848925
0.09007,0.0918024,0.0836238,0.0879966,0.0708258,0.0707135,0.0932237,0.0944179,0.0814168,0.0908997
0.100434,0.0698058,0.103803,0.0923224,0.086895,0.0842187,0.0762781,0.0812859,0.0904217,0.0695254
0.0813538,0.0864077,0.0815149,0.116704,0.0864375,0.0621355,0.0875589,0.0838453,0.0781311,0.0909014
0.102205,0.109305,0.067078,0.0724398,0.0894521,0.0847147,0.0792752,0.0830405,0.0766326,0.090848
0.0831264,0.0945188,0.0775581,0.10203,0.0751344,0.0832194,0.0823696,0.100935,0.0882871,0.0678121
0.0951498,0.0817506,0.0880481,0.063598,0.0822626,0.0726022,0.07816,0.0835974,0.0915795,0.118242
0.0736805,0.0718301,0.0714402,0.0877887,0.108015,0.101237,0.0706798,0.0884755,0.0902755,0.0915679
0.0845318,0.0709206,0.0936697,0.0727547,0.0966379,0.101899,0.0678277,0.0976857,0.0806666,0.0883963
0.0885162,0.0741101,0.0705427,0.0850162,0.0863312,0.088791,0.0911519,0.0868936,0.101391,0.0822468
0.0824309,0.0932081,0.0663905,0.0814414,0.0741195,0.0830259,0.0914497,0.099279,0.0886334,0.0950118
0.0900612,0.0843438,0.0911503,0.0943347,0.0757192,0.0767955,0.0712705,0.104376,0.079746,0.0871929
0.0806454,0.0742633,0.0938982,0.094142,0.0886836,0.0777197,0.0784698,0.0946403,0.0878136,0.0847144
0.0874496,0.091953,0.0760715,0.0939629,0.0994162,0.0905478,0.093433,0.0695252,0.0793057,0.0733253
0.0717299,0.0868118,0.080282,0.0881153,0.0993918,0.0741511,0.0924401,0.0970695,0.0878209,0.0771779
0.0814782,0.0617021,0.0876133,0.101637,0.0742262,0.0843852,0.0883335,0.0777007,0.102199,0.095715
0.0711235,0.0956054,0.0918564,0.0931616,0.0758155,0.103301,0.0640179,0.0743313,0.0854088,0.100369
0.0832857,0.0751618,0.0706988,0.0651624,0.0935425,0.09515,0.0994695,0.0808727,0.0870202,0.104627
0.0800255,0.0899037,0.0785216,0.0770387,0.0917754,0.0725289,0.0771512,0.0988992,0.103887,0.0852591
0.0938728,0.0754658,0.102853,0.0840702,0.0762402,0.0992858,0.0655559,0.07818,0.097902,0.0815643
0.0827721,0.0882232,0.0903173,0.0838012,0.0954953,0.0768949,0.0918298,0.0918993,0.0711724,0.0825847
0.0762639,0.088556,0.0821922,0.0746472,0.0940272,0.0951981,0.0846633,0.0970502,0.0802178,0.0821744
0.0873053,0.0881228,0.0829358,0.0812147,0.0900015,0.0885429,0.101836,0.0858751,0.0776804,0.0714757
0.0802468,0.102816,0.0775656,0.0772513,0.0915068,0.0871473,0.0769861,0.0835292,0.0976085,0.080333
0.094315,0.0801359,0.0638367,0.0977918,0.0867864,0.088426,0.11437,0.0651499,0.0878277,0.0763503
0.0784909,0.119542,0.0778689,0.0724176,0.0835123,0.0963925,0.0725088,0.0926607,0.0704033,0.0911931
0.0873333,0.0996993,0.0683386,0.0844658,0.092363,0.080273,0.0729785,0.107964,0.0852036,0.0763716
0.0886605,0.0795006,0.0833473,0.0867561,0.0916717,0.0913781,0.0963968,0.0755286,0.0925544,0.0691961
0.0883083,0.0898287,0.0878085,0.0831332,0.0816802,0.0694997,0.0887885,0.0875352,0.0854179,0.0929901
0.0863571,0.0925869,0.0791653,0.0927593,0.065512,0.08337,0.0658007,0.0974496,0.0964006,0.0955888
0.084726,0.0740889,0.0857921,0.0775103,0.0777366,0.0997896,0.0698149,0.09975,0.100611,0.0851708
0.0706145,0.0784719,0.0865099,0.0896926,0.0966643,0.0670589,0.0952612,0.102143,0.0907738,0.0778003
0.07337,0.0830357,0.0831098,0.0819801,0.0800407,0.0931838,0.0977832,0.0937997,0.0806835,0.0880037
0.0886777,0.083133,0.085399,0.0960359,0.0702325,0.0904754,0.0800043,0.0897334,0.0875466,0.0837525
0.10474,0.0818563,0.0852705,0.0834604,0.0932192,0.0707531,0.0751057,0.0932582,0.0975166,0.0698101
0.0837267,0.0700848,0.0992616,0.0822422,0.0833743,0.084336,0.0776834,0.0826749,0.102775,0.0888313
0.0770109,0.107094,0.081958,0.0908433,0.0942302,0.068969,0.0839767,0.0789839,0.0819146,0.0900101
0.104701,0.0751839,0.0740336,0.108579,0.0731453,0.0750535,0.085988,0.0973319,0.0713437,0.0896308
0.0615853,0.074836,0.0953858,0.0827115,0.0948523,0.0951602,0.0781843,0.0784686,0.0947169,0.0990894
0.0859786,0.0840331,0.0676813,0.0871248,0.103974,0.0757069,0.0925815,0.0748942,0.0850473,0.0979683
0.0799172,0.112628,0.0763557,0.0914587,0.062115,0.0899779,0.0905419,0.0727859,0.0990644,0.0801454
0.100235,0.0800853,0.0782582,0.0804309,0.0722877,0.0657915,0.0866497,0.0923562,0.112306,0.0865895
0.0705128,0.0889938,0.0718675,0.0854822,0.0803662,0.088991,0.0870932,0.0949026,0.0979245,0.0888564
0.0993591,0.0693187,0.0929294,0.0742158,0.0808407,0.09717,0.0904859,0.0758501,0.0624683,0.112352
0.0687441,0.0790062,0.0728982,0.0925808,0.0736543,0.114589,0.0865587,0.096008,0.0848455,0.0861048
0.0872153,0.0681327,0.111105,0.0933629,0.0823811,0.0782628,0.10067,0.0873343,0.0768188,0.069708
0.0826021,0.0931442,0.0737392,0.11258,0.0837817,0.0633288,0.0763177,0.0948941,0.0825455,0.0920573
0.0688004,0.076346,0.100976,0.0883192,0.078327,0.0693683,0.118048,0.074457,0.0958253,0.0845226
0.086511,0.0936011,0.0730037,0.08808,0.0895596,0.0894606,0.0747474,0.0696472,0.0923813,0.0979984
0.0643354,0.101561,0.0992753,0.0717905,0.0703794,0.0640214,0.0902086,0.0822831,0.104002,0.107133
0.0770513,0.0863844,0.105958,0.107973,0.0616497,0.0695457,0.0847311,0.0963092,0.0702461,0.0951422
0.101315,0.0934507,0.0750375,0.076122,0.0874538,0.0934943,0.0734424,0.0894508,0.093203,0.0720209
0.090332,0.0995231,0.084631,0.100257,0.104822,0.0741967,0.0793728,0.0789684,0.0748206,0.0680669
0.0676755,0.0693255,0.094824,0.111732,0.079501,0.100014,0.103333,0.0858239,0.0642029,0.0785589
0.0873203,0.0848195,0.074448,0.0800922,0.0718018,0.0782605,0.0850875,0.097957,0.098887,0.0963166
0.0791255,0.080543,0.0928859,0.0840558,0.078766,0.0763348,0.0810581,0.0930764,0.0948066,0.0943381
0.0861923,0.0699963,0.079111,0.0782672,0.0651872,0.0845794,0.113865,0.103535,0.103679,0.0705775
0.0760185,0.0801956,0.0812768,0.0841446,0.0862967,0.0962393,0.0966607,0.0937967,0.0795655,0.0807957
0.0812709,0.0845366,0.0693834,0.0826886,0.0804885,0.109619,0.0830202,0.0780594,0.100013,0.0859116
0.0975177,0.0931553,0.0764364,0.0830673,0.0738724,0.111632,0.0610273,0.0876586,0.0768916,0.093732
0.089154,0.0807803,0.0875856,0.0825677,0.0723141,0.0804678,0.0954439,0.0797868,0.0945812,0.0923089
0.0799473,0.0824252,0.0772032,0.100612,0.105633,0.0766408,0.0733478,0.0918903,0.0831717,0.0841187
0.0790229,0.0885574,0.0869059,0.102248,0.0901122,0.0943465,0.0726752,0.0975576,0.0739032,0.0696613
0.0728065,0.0882704,0.088063,0.107904,0.0796628,0.0669735,0.0802842,0.0804048,0.0887242,0.101898
0.0897699,0.0771086,0.0916303,0.0812965,0.0998216,0.0899179,0.0780006,0.0784327,0.0769237,0.0920884
0.0978892,0.0620919,0.0935011,0.0765586,0.0915885,0.0861268,0.0968373,0.0785927,0.0787254,0.0930788
0.0867918,0.0790743,0.102038,0.0786542,0.0977641,0.0883263,0.0851757,0.0872589,0.0787501,0.0711573
0.092863,0.0861385,0.0941166,0.0630354,0.0978153,0.0763279,0.0849528,0.0881834,0.0781978,0.0933595
0.102664,0.0851968,0.0639597,0.0907095,0.0923528,0.0827699,0.0849303,0.0859621,0.0807702,0.085675
0.0889617,0.0796931,0.0928689,0.0877525,0.0788664,0.0967625,0.0675643,0.0875031,0.0898475,0.0851703
0.083503,0.0817783,0.0878648,0.0788187,0.0892719,0.081457,0.0954123,0.0904123,0.0947565,0.0717154
0.0740207,0.071756,0.0893279,0.088412,0.0821697,0.0938784,0.0777684,0.0964817,0.0745779,0.106598
0.0707771,0.0824097,0.110625,0.0840626,0.0963511,0.0912615,0.0565321,0.100665,0.0806663,0.08164
0.0818984,0.103428,0.0838748,0.0712499,0.0925485,0.0988284,0.0660426,0.0878485,0.0838312,0.0854397
0.0668415,0.0999096,0.0721272,0.069185,0.0974646,0.0787192,0.111774,0.0869303,0.0806301,0.0914085
0.0850595,0.0836409,0.0928695,0.0749774,0.0776313,0.113222,0.097898,0.0658721,0.0727252,0.0910945
0.0952296,0.108581,0.0965056,0.0758369,0.0628008,0.0752113,0.0872594,0.0785468,0.105631,0.069388
0.0760787,0.0918192,0.0819074,0.0828179,0.0844999,0.0762753,0.0968344,0.0795991,0.0902969,0.0948614
0.0699016,0.0851517,0.0776337,0.0718985,0.0985171,0.10695,0.0858085,0.0864999,0.0911528,0.0814763
0.0996419,0.0830313,0.0755679,0.0804714,0.0840102,0.0927043,0.0886444,0.0720746,0.0648753,0.113969
0.0801961,0.0848303,0.0854202,0.0667693,0.0906551,0.101514,0.0622156,0.117799,0.0809113,0.0846799
0.0849697,0.0814969,0.0904652,0.0766669,0.103611,0.0858425,0.0849253,0.0878446,0.0647142,0.0944539
0.0886853,0.0762397,0.0884962,0.0780579,0.0979226,0.112335,0.0724437,0.066944,0.0963465,0.0775196
0.0847633,0.0616252,0.0798096,0.0838698,0.0807092,0.0927419,0.10088,0.0818092,0.0981917,0.0905905
0.0793999,0.085846,0.104182,0.0793387,0.077466,0.0931176,0.0717374,0.0835238,0.0792534,0.101125
0.102948,0.0784743,0.0690536,0.0782175,0.0821475,0.0981626,0.0897014,0.0818934,0.0854238,0.0889684
0.0881276,0.0700127,0.0594668,0.117061,0.100081,0.0974154,0.076774,0.088452,0.084094,0.0735057
0.0927898,0.0799408,0.102087,0.0767603,0.0661671,0.0897103,0.0953474,0.0706002,0.0980051,0.0835822
0.102276,0.0816079,0.0819389,0.0683498,0.103452,0.0806887,0.0776443,0.0912454,0.0781,0.0896866
0.0964618,0.0756747,0.0985895,0.104013,0.0750252,0.0771374,0.0848867,0.0843226,0.0807446,0.0781346
0.0847313,0.0682534,0.100597,0.0727342,0.0865872,0.116669,0.0719245,0.0847336,0.0671162,0.101643
0.102579,0.0997205,0.0709383,0.0747225,0.0717376,0.0816072,0.0833832,0.086761,0.104558,0.0789834
0.0762888,0.0915153,0.0687977,0.0832227,0.0916528,0.085165,0.0781328,0.108711,0.0795894,0.0919147
0.092916,0.0841481,0.0947996,0.0811527,0.0843396,0.071197,0.0901031,0.0865783,0.0830458,0.0867099
0.0656123,0.0901721,0.0992364,0.0882631,0.0784507,0.0744307,0.0815613,0.0818184,0.0968678,0.0985775
0.0878216,0.0867767,0.0943334,0.0726744,0.0753895,0.104419,0.0983108,0.0783036,0.0729819,0.0839795
0.0845066,0.076565,0.0858656,0.0793515,0.0858008,0.0543172,0.101981,0.0911848,0.10038,0.0950381
0.0837545,0.0708132,0.0797915,0.0794892,0.0836187,0.0836834,0.092101,0.0824648,0.0980781,0.101196
0.0707944,0.0956982,0.094331,0.0943365,0.0847816,0.0815642,0.0652805,0.0741189,0.10263,0.0914556
0.108589,0.0824123,0.0808312,0.0885546,0.0895486,0.0601722,0.0979508,0.0785607,0.0861501,0.0822207
0.105487,0.0700116,0.0894482,0.0828388,0.0801013,0.0849509,0.0867903,0.0806147,0.0964279,0.0783194
0.0732683,0.07922,0.0865656,0.0722318,0.115817,0.0807531,0.105077,0.0884419,0.0899744,0.0636409
0.080841,0.086246,0.0794591,0.0922131,0.0872701,0.0808517,0.0920531,0.0888584,0.0739491,0.0932486
0.0933232,0.107088,0.0698494,0.0817317,0.0767675,0.084779,0.107332,0.0777948,0.0783421,0.0779826
0.0770537,0.0983752,0.069011,0.0972388,0.0727803,0.102621,0.0866346,0.0673007,0.0929016,0.0910734
0.0903368,0.0764034,0.0795235,0.0786874,0.0640044,0.0761275,0.0980576,0.0833554,0.0927001,0.115794
0.0932102,0.0880407,0.0787981,0.0992045,0.104844,0.0798663,0.0777849,0.0670757,0.0867618,0.0794041
0.0807714,0.103761,0.0789737,0.0852336,0.0895418,0.0994055,0.0933161,0.061014,0.0936085,0.069365
0.0891145,0.0944506,0.0848031,0.0973804,0.0675024,0.0880361,0.076034,0.0868637,0.088245,0.0825604
0.0834005,0.0814294,0.0776975,0.0833519,0.0719783,0.0781038,0.0861613,0.0951223,0.08889,0.108855
0.0813658,0.095984,0.0973278,0.0864357,0.0676202,0.0773016,0.0809151,0.0877349,0.0975462,0.0827589
0.0772727,0.113477,0.0943634,0.0905415,0.070795,0.0856622,0.102423,0.0738528,0.0781858,0.0684168
0.0819231,0.0978412,0.0890944,0.0931841,0.0812076,0.0826876,0.0892738,0.0836806,0.0678412,0.0882568
0.0751396,0.0741755,0.090938,0.0934226,0.0944818,0.0844018,0.0978447,0.0856027,0.0790075,0.0799762
0.0745612,0.0709961,0.105583,0.0876194,0.0796705,0.0802923,0.0844514,0.0815998,0.0899667,0.100249
0.111253,0.0850723,0.0764578,0.0854764,0.0870761,0.0790893,0.0648248,0.0933241,0.0917906,0.0806256
0.104143,0.0817691,0.103972,0.0622436,0.0804902,0.0790806,0.0824158,0.0823744,0.0846323,0.0938694
0.101049,0.0919443,0.0811986,0.0928751,0.0829101,0.0872692,0.0787329,0.0831082,0.0696681,0.0862347
0.108079,0.0742221,0.0783496,0.0991076,0.087863,0.0782251,0.0862395,0.0753416,0.0794911,0.0880717
0.0781651,0.0797529,0.0686649,0.0954487,0.0944085,0.068759,0.1065,0.0841342,0.0792542,0.0999022
0.10045,0.0860562,0.0690981,0.103004,0.0676098,0.0886862,0.0760041,0.0821956,0.0794706,0.102416
0.0979624,0.0974103,0.0929161,0.0912008,0.0725611,0.0712273,0.0808386,0.0817785,0.101569,0.0675258
0.0804941,0.0922841,0.0799648,0.0883845,0.0757359,0.0898105,0.0826457,0.0973007,0.0842001,0.0841699
0.0886294,0.0867941,0.0947201,0.0812249,0.0778826,0.086723,0.082922,0.078063,0.0854416,0.0925895
0.0831974,0.0613656,0.0951711,0.0775236,0.0902501,0.0893772,0.0725592,0.0924452,0.116535,0.0765663
0.102916,0.0869137,0.0737862,0.10145,0.0765929,0.0887854,0.0756866,0.0958567,0.0594296,0.0935733
0.0982095,0.0700935,0.0590297,0.0985173,0.0790815,0.0727879,0.102879,0.10104,0.078997,0.0943543
0.0800597,0.0924742,0.0948013,0.0793009,0.0647381,0.088716,0.0889345,0.0825797,0.0860479,0.097338
0.0918696,0.0717883,0.0802759,0.10329,0.0857547,0.0752521,0.0996858,0.0790654,0.0903413,0.0776667
0.101474,0.0871453,0.0634542,0.0778125,0.0878014,0.0817732,0.0974686,0.0787698,0.100892,0.0783991
0.0719,0.0919265,0.104533,0.0897459,0.0776526,0.0696186,0.0729951,0.086502,0.0903316,0.0997856
0.0734613,0.0754868,0.0859598,0.0788298,0.092621,0.0770327,0.075315,0.124324,0.0897451,0.0822151
0.0647239,0.0889137,0.0776218,0.103164,0.111629,0.0764684,0.0803247,0.0790981,0.0809997,0.0920463
0.0713118,0.0847547,0.0947841,0.0799579,0.0893005,0.0802384,0.112003,0.0869741,0.0888687,0.0667972
0.0788062,0.113775,0.0859465,0.0755413,0.0840484,0.0634955,0.0958937,0.0857123,0.0910896,0.0806822
0.0964631,0.0764923,0.0806886,0.0611128,0.0939952,0.0899164,0.0877929,0.0920401,0.0774062,0.0990827
0.0837554,0.0892448,0.07705,0.0803245,0.0847214,0.0829954,0.0844915,0.107428,0.090959,0.0740208
0.109117,0.097759,0.0786905,0.0778648,0.0890656,0.0750601,0.0742108,0.0889528,0.0891599,0.0751099
0.0790359,0.107516,0.0879614,0.0813993,0.0821551,0.108956,0.0850826,0.078164,0.0712384,0.0734819
0.0755491,0.0862989,0.10381,0.0865979,0.0969888,0.0934591,0.0934537,0.0627197,0.0603179,0.0957949
0.0863892,0.079843,0.0770749,0.0882614,0.0860149,0.0734404,0.101697,0.0875364,0.0947604,0.0799723
0.0859387,0.0819144,0.0750689,0.0789787,0.0663159,0.0904251,0.110453,0.082352,0.0871741,0.0963696
0.100908,0.0864013,0.0623803,0.0694139,0.0896896,0.0867313,0.0956907,0.0730231,0.0937055,0.097047
0.0749434,0.0934037,0.0754168,0.101301,0.112971,0.0918142,0.085793,0.0659976,0.0774695,0.07588
0.0805635,0.102572,0.0778559,0.107226,0.0898998,0.0809431,0.0880054,0.0736208,0.0752901,0.079014
0.0914688,0.0973819,0.0923408,0.0734348,0.0807108,0.0799744,0.0910422,0.0789764,0.0878646,0.0817955
0.0974801,0.0755082,0.0745546,0.0958035,0.0857794,0.0730569,0.0995875,0.0806463,0.0835623,0.0890114
0.086673,0.0923114,0.0787796,0.0963808,0.0769647,0.0998642,0.0737428,0.0736774,0.0778275,0.0987689
0.0738744,0.0943927,0.0718978,0.0825226,0.0974837,0.0801698,0.0771603,0.115085,0.0780846,0.0843192
0.0834748,0.0833047,0.0608771,0.0858471,0.093625,0.103653,0.0814379,0.0757299,0.0932138,0.0938269
0.0926466,0.083701,0.0871971,0.0860926,0.103283,0.0849842,0.0793595,0.0952736,0.0697346,0.072718
0.074316,0.083812,0.0937041,0.0910774,0.0848053,0.0854146,0.09637,0.0836074,0.0888708,0.0730127
0.0923207,0.0734945,0.0855702,0.0929646,0.0750487,0.0740468,0.0735031,0.109247,0.100827,0.0779678
0.0944229,0.103277,0.0945715,0.0772241,0.0801059,0.0759604,0.0776715,0.0850117,0.0779483,0.0887967
0.0756659,0.092486,0.0642662,0.0742874,0.0812899,0.0820855,0.105923,0.0875465,0.0955431,0.0958965
0.0783272,0.0777966,0.0784091,0.0817011,0.0842746,0.080717,0.128789,0.0778647,0.0750735,0.0920371
0.0776888,0.092181,0.0677701,0.0711233,0.0928107,0.084322,0.0782833,0.10254,0.096459,0.0918122
0.0820393,0.0778665,0.0803338,0.0919575,0.0958932,0.0991351,0.0894575,0.0829171,0.0809482,0.0744421
0.0611847,0.103199,0.0641586,0.0996102,0.0765593,0.0868632,0.0849429,0.0914743,0.0975547,0.0894432
0.072043,0.0797547,0.0806354,0.122052,0.0821658,0.101626,0.0952569,0.0754768,0.0750391,0.0709403
0.072436,0.109382,0.0703884,0.105318,0.08447,0.0880794,0.0762086,0.0829714,0.0769204,0.0888169
0.0849592,0.103191,0.076372,0.0874696,0.0735724,0.0818666,0.0958535,0.106876,0.0764007,0.068429
0.086609,0.0939942,0.111081,0.0768443,0.0827263,0.088397,0.0646686,0.0710322,0.0854198,0.0942182
0.0715404,0.0860493,0.0857503,0.0899182,0.109081,0.0875723,0.0800642,0.0820142,0.0691291,0.0938716
0.0761644,0.0752328,0.0837794,0.0697656,0.0836089,0.124708,0.099855,0.0915399,0.0654781,0.0848585
0.0894965,0.0662073,0.104992,0.0930852,0.0893837,0.0798332,0.0780016,0.0789095,0.0843616,0.0907194
0.0989011,0.0633568,0.0932179,0.08254,0.0846379,0.0895513,0.112025,0.0793261,0.0824196,0.0690148
0.0905714,0.0920912,0.0875147,0.0769353,0.0821028,0.0805229,0.0819381,0.0742366,0.0819973,0.10708
0.0780783,0.0759854,0.101401,0.0930141,0.0890885,0.0813944,0.106532,0.0769613,0.0809211,0.0716143
0.0924762,0.0640514,0.095173,0.0941025,0.0751342,0.0853362,0.0983348,0.0805218,0.0818627,0.0879974
0.0821572,0.0915218,0.0974083,0.07204,0.0804537,0.100461,0.0975788,0.0697732,0.0927523,0.0708445
0.0946715,0.0677235,0.077514,0.0891799,0.0728293,0.088285,0.110305,0.0794938,0.0895093,0.0854786
0.0661605,0.103648,0.0874861,0.0879996,0.0748269,0.092023,0.0778524,0.101403,0.0767443,0.0868472
0.0695651,0.0780644,0.0957329,0.0809818,0.103437,0.0934943,0.0838916,0.0738404,0.0812727,0.0947101
0.0728532,0.0869717,0.105269,0.112363,0.0679277,0.0802525,0.0851621,0.0836485,0.0871129,0.0734299
0.0829637,0.0806239,0.0915632,0.0782141,0.102347,0.0770139,0.0838512,0.0817629,0.0905865,0.0860636
0.0763678,0.0814134,0.0837206,0.0797085,0.0949947,0.0873704,0.0809376,0.0759941,0.101103,0.0933804
0.0831847,0.0821536,0.093141,0.0896492,0.0785168,0.0774515,0.0858395,0.0885038,0.0868818,0.0896683
0.0905772,0.0788988,0.0806735,0.0852113,0.0787081,0.0879017,0.090315,0.101502,0.0792472,0.0819558
0.0785253,0.101128,0.0622303,0.0830801,0.0865241,0.0957046,0.0998201,0.0934483,0.0709381,0.083591
0.0820019,0.0980528,0.0984602,0.0867877,0.0867683,0.0690168,0.0713444,0.0946033,0.0845119,0.0834429
0.0802641,0.0758924,0.0991506,0.0800775,0.0932296,0.0697121,0.0771066,0.0972351,0.0814608,0.100861
0.103641,0.106758,0.0643757,0.0945615,0.102944,0.0800338,0.0920296,0.0715763,0.0689145,0.0701552
0.0898868,0.089558,0.0837853,0.0828385,0.109734,0.0675077,0.0578292,0.0870719,0.0973687,0.0894095
0.0942745,0.0846438,0.0850366,0.0846663,0.0959484,0.0818536,0.0903019,0.0676262,0.0689747,0.101664
0.0782713,0.0931044,0.0935604,0.0745596,0.0858786,0.0823897,0.0923742,0.0770452,0.0803181,0.0974887
0.0882092,0.0863917,0.0747463,0.0796513,0.104649,0.0824575,0.0861584,0.0802329,0.0849651,0.0875286
0.0942478,0.0870231,0.0870938,0.0812942,0.0987003,0.0798603,0.0944143,0.0775993,0.0619799,0.0927772
0.0717673,0.0916782,0.0908291,0.0753068,0.116945,0.0979595,0.0676086,0.0999712,0.0699662,0.0729582
0.0890299,0.0946247,0.0844716,0.0706252,0.0729257,0.116031,0.077205,0.0857462,0.0804465,0.083884
0.107045,0.0731307,0.0890759,0.0777502,0.0725268,0.0811113,0.0926681,0.0904504,0.0806939,0.0905377
0.072135,0.0817928,0.105313,0.10018,0.081509,0.0802161,0.0787729,0.0884207,0.086588,0.0800626
0.0683494,0.0972085,0.0873572,0.0877102,0.0809436,0.0993313,0.0804762,0.0843642,0.0779809,0.0912689
0.0816958,0.0905003,0.109181,0.0815658,0.0858107,0.0877436,0.0644663,0.0839077,0.0865718,0.083547
0.0851181,0.0891086,0.0669627,0.0733532,0.0808643,0.10286,0.0860274,0.0842298,0.107257,0.0792091
0.0605667,0.101853,0.0728804,0.0901701,0.0768314,0.10918,0.0882589,0.0737866,0.0730521,0.108411
0.0703127,0.0946687,0.0812535,0.0895697,0.0758111,0.0819787,0.0849259,0.0658436,0.09634,0.114286
0.0924836,0.0843315,0.0929486,0.0720651,0.0793887,0.0824273,0.0797153,0.0964156,0.0930233,0.0821913
0.0765071,0.0652581,0.0917345,0.0879427,0.0802799,0.0916151,0.075146,0.0804671,0.0957213,0.110318
0.0788412,0.0624916,0.0851399,0.0789663,0.0856099,0.102655,0.0780559,0.0920211,0.0864655,0.104744
0.105797,0.0945362,0.0950805,0.0870183,0.0805978,0.073303,0.0835354,0.0872998,0.0676949,0.0801271
0.0870962,0.0973067,0.07195,0.0884469,0.0802935,0.0831209,0.0964157,0.0750303,0.0819395,0.0933905
0.073662,0.0883251,0.088531,0.0731004,0.067375,0.0990782,0.110261,0.0759418,0.0893269,0.0893889
0.0819249,0.0863497,0.0631823,0.108208,0.0742749,0.0831334,0.0955677,0.0900143,0.0815211,0.0908136
0.0902725,0.0819779,0.100274,0.0708713,0.0854475,0.0861464,0.0990338,0.0721561,0.0666032,0.102207
0.0905153,0.100622,0.0885173,0.0745414,0.0819371,0.0799374,0.0857615,0.0877636,0.0918969,0.073498
0.0922949,0.0712724,0.074552,0.0937929,0.0814728,0.103532,0.0778513,0.0800189,0.105924,0.0742787
0.072389,0.0878598,0.100125,0.100521,0.0783042,0.0849358,0.0758412,0.071658,0.0882714,0.0950857
0.088415,0.0891368,0.0750963,0.0878563,0.0732448,0.0819196,0.0986583,0.0904604,0.0851169,0.0850858
0.0839897,0.0763035,0.111436,0.0738704,0.0895112,0.0853739,0.0828037,0.0829094,0.0887569,0.0800353
0.114468,0.0823321,0.0767935,0.0754217,0.103833,0.0885976,0.0891781,0.0636807,0.092488,0.0681979
0.0989503,0.0797738,0.0961925,0.0714306,0.0826631,0.101453,0.0771639,0.0736384,0.0894899,0.0842348
0.0980228,0.0753004,0.0584941,0.0938861,0.0904307,0.0959307,0.096261,0.0639931,0.0942534,0.0884179
0.0952317,0.072927,0.0749309,0.0734126,0.0842333,0.110159,0.108864,0.0553609,0.0914786,0.0883924
0.0678611,0.106076,0.0932792,0.0837216,0.087641,0.0952371,0.0778974,0.0748648,0.0918294,0.076583
0.0737395,0.109329,0.0667583,0.0912715,0.106087,0.0856866,0.0852136,0.0885026,0.0793077,0.0690948
0.0831098,0.0956642,0.0720537,0.0819764,0.0882914,0.0928393,0.103619,0.0802266,0.0764298,0.0807802
0.0794977,0.0717779,0.0862811,0.0985856,0.0898141,0.0808638,0.0755504,0.0868387,0.0877722,0.0980088
0.0915713,0.0894727,0.0851124,0.0709254,0.0914818,0.0967619,0.0762761,0.066769,0.100754,0.0858662
0.0707931,0.0816441,0.0908527,0.0940591,0.0945736,0.0749909,0.0862146,0.0853746,0.0748859,0.101602
0.0964065,0.100031,0.078748,0.0821785,0.0958462,0.0831754,0.0840249,0.073717,0.0698584,0.0910048
0.105868,0.0786596,0.0822356,0.0771762,0.0824307,0.0784502,0.0775448,0.105913,0.0810269,0.0856853
0.0835828,0.0729527,0.0898728,0.0763532,0.0973543,0.0933073,0.0922509,0.0880762,0.0889155,0.0723246
0.0831048,0.0901443,0.0812156,0.10952,0.0767351,0.0878304,0.0889985,0.0798855,0.0881388,0.0694172
0.0883163,0.107235,0.0927273,0.0749517,0.0905738,0.0622445,0.0795725,0.0898609,0.0699257,0.099583
0.0891054,0.101518,0.0755283,0.0939834,0.0712972,0.0673049,0.0850493,0.0796179,0.0898635,0.101722
0.0882339,0.111564,0.0851651,0.086758,0.0752124,0.0824685,0.0820355,0.0731416,0.0904192,0.0799919
0.100545,0.0941401,0.0765014,0.096467,0.0909307,0.0701576,0.0823088,0.0814805,0.0866438,0.075815
0.0965,0.0771759,0.089271,0.0785532,0.0891588,0.0806433,0.0869764,0.0882472,0.0865181,0.0819464
0.0808226,0.0720374,0.0915787,0.0799731,0.0697727,0.101831,0.107836,0.0939193,0.0744185,0.0828007
0.0863242,0.117288,0.0731373,0.0766362,0.0960383,0.0898155,0.0764091,0.0942397,0.070144,0.0749575
0.0624804,0.0858631,0.0681,0.0844265,0.0977492,0.0948615,0.112737,0.07603,0.106219,0.0665241
0.0914158,0.0864983,0.10257,0.0703805,0.0657089,0.0895212,0.0848087,0.062223,0.0938489,0.108015
0.115886,0.0693019,0.080338,0.0963248,0.0716443,0.0860101,0.0760285,0.0868389,0.0816808,0.0909367
0.0832083,0.116216,0.0815371,0.0731388,0.0599856,0.0894298,0.0930225,0.0783166,0.0943132,0.0858223
0.0686275,0.0943468,0.0926399,0.0953479,0.079568,0.10363,0.0775096,0.0872332,0.0772912,0.0787957
0.0733855,0.103137,0.0906494,0.0867577,0.0928474,0.0798026,0.0886693,0.0624309,0.100858,0.0764525
0.0863575,0.0659931,0.082328,0.100429,0.0739834,0.084908,0.0840359,0.099318,0.0898237,0.0878139
0.0985238,0.0674084,0.0910747,0.0914023,0.0761982,0.0730849,0.0756194,0.0866609,0.0934135,0.101604
0.0811391,0.0754187,0.103037,0.0714395,0.0944364,0.101141,0.0886284,0.0945735,0.0632123,0.0819644
0.090612,0.101996,0.0672483,0.107584,0.0772059,0.0901452,0.0718976,0.0816224,0.0990899,0.067589
0.080246,0.0869473,0.0672357,0.0890147,0.0848499,0.076705,0.0882843,0.111285,0.0993664,0.0710559
0.0841657,0.0758207,0.0830212,0.110325,0.0943905,0.0792013,0.0974645,0.0804633,0.0819652,0.0681733
0.0775318,0.099488,0.0860179,0.0768842,0.0800878,0.109704,0.0914024,0.0641068,0.0912711,0.0784959
0.0848342,0.0768502,0.123319,0.0774192,0.0781323,0.0948263,0.089584,0.0825937,0.0742473,0.0731837
0.0851061,0.0865074,0.0966103,0.110813,0.0883429,0.0868284,0.068837,0.0739595,0.0808343,0.0771512
0.0731742,0.0854248,0.088191,0.0827924,0.108982,0.0974411,0.0626462,0.0940512,0.0736452,0.0886426
0.0871589,0.0980864,0.0660277,0.0879968,0.0798693,0.057702,0.0807709,0.103009,0.0917588,0.102611
0.0821034,0.0721195,0.0898352,0.086868,0.0826545,0.0882325,0.0815205,0.071046,0.098742,0.101868
0.0760197,0.0726572,0.0821839,0.102901,0.0860155,0.0952132,0.0761371,0.0869084,0.0903079,0.0866464
0.0977656,0.0655134,0.0970602,0.074474,0.0939139,0.0766216,0.102583,0.106772,0.0758682,0.0644187
0.0718154,0.109669,0.102057,0.0862606,0.0804697,0.0727521,0.0897643,0.089101,0.0712858,0.0818159
0.0878625,0.114192,0.0940893,0.0900909,0.0957277,0.0614444,0.0809011,0.0884773,0.0797367,0.0624679
0.0808783,0.0804317,0.0873158,0.0956495,0.0652289,0.0748576,0.0987697,0.0987981,0.0976399,0.0754209
0.0930531,0.0903033,0.0847385,0.0704201,0.0695733,0.0810147,0.0849311,0.0956448,0.0788292,0.106482
0.0999213,0.0696564,0.104775,0.0850731,0.0701002,0.0743189,0.081864,0.104388,0.076313,0.0885809
0.0937359,0.083092,0.0674769,0.0780207,0.0713516,0.0936501,0.0914029,0.0942223,0.0836013,0.0984367
0.0943608,0.0718439,0.0883039,0.0826198,0.0841175,0.0853843,0.0886306,0.0945951,0.0805081,0.0846262
0.105517,0.105909,0.0749981,0.0727077,0.0874746,0.0712154,0.0775959,0.0688985,0.106188,0.0844857
0.0674062,0.069579,0.0829568,0.0964041,0.0956796,0.0744358,0.0696195,0.113601,0.0985164,0.0867913
0.0836809,0.0828449,0.0713657,0.0967318,0.06575,0.0992524,0.116332,0.0832533,0.0808909,0.0748879
0.106448,0.0707771,0.0760309,0.0939028,0.0838895,0.0794671,0.0876254,0.0889753,0.0915549,0.0763198
0.0846294,0.0675917,0.0949196,0.0790237,0.075914,0.0931514,0.0997742,0.0853529,0.0825021,0.0921311
0.0735503,0.0885922,0.109599,0.0855524,0.0767155,0.108098,0.0801404,0.0931015,0.0707028,0.0689373
0.079046,0.0704634,0.0975418,0.0786624,0.0856996,0.0981332,0.073198,0.085275,0.101465,0.085506
0.0968544,0.0928662,0.0869442,0.0698962,0.0737541,0.0882152,0.0747168,0.111295,0.0822525,0.0781958
0.0759895,0.0901492,0.0852442,0.11619,0.0680972,0.084067,0.0700039,0.0964047,0.0860626,0.0827821
0.0873199,0.0710261,0.0708524,0.0808952,0.111891,0.104788,0.0977744,0.0678414,0.0775685,0.0850337
0.0932795,0.0751424,0.0746247,0.104732,0.0843928,0.0809106,0.0814265,0.0928704,0.0830222,0.0845888
0.0820486,0.0945614,0.0895005,0.0806079,0.0881226,0.0969384,0.0894061,0.0690793,0.0905008,0.0742248
0.0774934,0.0835586,0.0858625,0.0791366,0.10352,0.0744642,0.0892793,0.0736712,0.0976241,0.0903809
0.0684764,0.0858709,0.0761967,0.0762658,0.104728,0.0808864,0.0884038,0.0911123,0.0824006,0.100649
0.0763485,0.0936296,0.0827471,0.092404,0.0869249,0.0858874,0.0878167,0.0882387,0.0960685,0.0649249
0.0847901,0.0871176,0.0955142,0.0754989,0.0920987,0.0771174,0.0719665,0.0900794,0.105634,0.075173
0.0718656,0.0891278,0.0947174,0.0817259,0.0949454,0.07635,0.0906725,0.0731133,0.0801313,0.102341
0.0806666,0.0761,0.07666,0.0718537,0.0924288,0.0845929,0.105962,0.0782251,0.0866925,0.101809
0.118511,0.0821799,0.080841,0.069625,0.0771256,0.0702051,0.0852445,0.103415,0.0903877,0.0774552
0.082817,0.0929257,0.0971115,0.0716689,0.0847322,0.0837487,0.0864038,0.092399,0.0863197,0.0768638
0.0847394,0.092561,0.0971117,0.0780578,0.0803306,0.0786144,0.0883831,0.0867136,0.0769723,0.0915064
0.0886237,0.0915623,0.0885971,0.0828307,0.0975555,0.0709246,0.0798916,0.080719,0.0962518,0.0780339
0.0864402,0.0800492,0.0999733,0.107351,0.0638308,0.070268,0.092344,0.0763247,0.0768577,0.101552
0.0591464,0.0866181,0.0843698,0.0829267,0.0819468,0.0955335,0.110887,0.0905359,0.0707106,0.0923157
0.0844221,0.0784004,0.0928539,0.0879349,0.0824989,0.094985,0.0807709,0.0860744,0.0771283,0.0899214
0.101525,0.0776576,0.0903057,0.0800467,0.0770154,0.0882628,0.0907384,0.0743087,0.08783,0.0872996
0.0981071,0.0931103,0.0760138,0.0862369,0.0792037,0.0826691,0.0762035,0.0971874,0.0797447,0.0865137
0.073049,0.0780267,0.0792522,0.103399,0.103556,0.0865569,0.075636,0.0843153,0.0891128,0.0820863
0.0768494,0.0958839,0.0687854,0.100426,0.0916301,0.0856796,0.0780934,0.0939908,0.0736011,0.0900502
0.0953661,0.0690883,0.0870328,0.0964285,0.0894586,0.0969847,0.0735184,0.0957211,0.0730006,0.0783911
0.114286,0.0730502,0.0658003,0.0785808,0.0851526,0.0720239,0.078747,0.0788271,0.0968587,0.111664
0.0780979,0.0677547,0.0760043,0.0855882,0.0824586,0.0913871,0.0903348,0.104665,0.094626,0.0840735
0.065176,0.0851935,0.0811435,0.101079,0.0837435,0.0705132,0.100186,0.0967315,0.0871463,0.0840776
0.081657,0.0856444,0.0749226,0.0771582,0.0832473,0.0814135,0.0883803,0.107159,0.10503,0.0703779
0.111111,0.0758487,0.0773464,0.103047,0.0658608,0.100027,0.0716667,0.0847478,0.0891205,0.0762141
0.062903,0.0624903,0.107642,0.0819329,0.088695,0.0909313,0.0775866,0.0937349,0.0912472,0.0978274
0.0842227,0.0739487,0.0937609,0.0814313,0.0836412,0.0814605,0.0968836,0.0926545,0.0880726,0.0789143
0.0798042,0.0741163,0.0984388,0.0870408,0.0889758,0.0904567,0.0718233,0.0739319,0.085573,0.10483
0.086746,0.0752191,0.10001,0.0836777,0.0846741,0.0895089,0.0876528,0.0791084,0.0791002,0.089293
0.0731814,0.0755784,0.107054,0.0744591,0.0932111,0.0911666,0.0841885,0.0937615,0.0790164,0.0833734
0.0772308,0.103372,0.0686891,0.0900833,0.0929099,0.103811,0.0851941,0.0757388,0.0661102,0.0918511
0.0685887,0.0814129,0.0936111,0.0840265,0.0841949,0.0912668,0.10931,0.0797971,0.0786152,0.0841668
0.0900574,0.0983879,0.0744701,0.0739544,0.0790758,0.0983674,0.0776891,0.0816907,0.0860608,0.0952366
0.0998806,0.0922627,0.0711987,0.105101,0.0893135,0.0771951,0.0811641,0.0737722,0.0804365,0.0846658
0.103061,0.0995527,0.0965435,0.0803083,0.0637847,0.0585154,0.0650145,0.111049,0.095267,0.0818936
0.0898072,0.0806415,0.0792954,0.091857,0.0693136,0.0923042,0.100642,0.0727481,0.103624,0.0747571
0.091414,0.101052,0.0818559,0.0885248,0.0635829,0.0805497,0.0935813,0.0788776,0.0963931,0.0791592
0.0871139,0.0652824,0.0800712,0.0995799,0.0799809,0.0750601,0.0754094,0.0925902,0.0974485,0.102454
0.0824935,0.0794323,0.0864649,0.0772589,0.0886383,0.0862491,0.0867105,0.0889375,0.0945377,0.0842676
0.0845152,0.0812041,0.082316,0.0753614,0.103802,0.0669858,0.107498,0.082729,0.0929517,0.0776271
0.0815364,0.0954579,0.0785068,0.0727165,0.0902789,0.091916,0.0796446,0.0792447,0.0947464,0.090942
0.110464,0.0716135,0.0683584,0.0806567,0.0793303,0.107274,0.108567,0.0896936,0.0679053,0.0711279
0.126623,0.0784187,0.0879448,0.0856267,0.0790673,0.0833133,0.0936717,0.0670702,0.0761076,0.0771471
0.112594,0.073578,0.0792236,0.0991829,0.10031,0.0793909,0.0612277,0.0923098,0.0849605,0.0722129
0.0811394,0.0742034,0.0914871,0.101642,0.0846151,0.0732885,0.068063,0.108063,0.0830683,0.0894203
0.0851491,0.079617,0.0725847,0.0895341,0.063488,0.0933426,0.0996664,0.0824942,0.101662,0.0874526
0.0893882,0.0587873,0.0672891,0.0977387,0.0656088,0.0956082,0.120156,0.0795944,0.0967576,0.0840615
0.0980178,0.0842379,0.0971697,0.0781679,0.0842607,0.0804049,0.0835878,0.0868184,0.079606,0.0827192
0.0994162,0.0755761,0.0780217,0.084633,0.0913227,0.0790091,0.0908137,0.0660271,0.0867534,0.103417
0.102565,0.0906171,0.0562121,0.0933815,0.065743,0.0649166,0.0903732,0.101251,0.0785308,0.1114
0.0825839,0.0827751,0.0886035,0.103428,0.0677549,0.0965699,0.0778604,0.0933622,0.0889476,0.0731047
0.0658663,0.0766026,0.0855098,0.0841005,0.107362,0.106979,0.0858123,0.0730392,0.0983327,0.0713856
0.0841282,0.0923768,0.0701231,0.0966263,0.0690166,0.090084,0.0919677,0.0893069,0.0784152,0.0929454
0.0874634,0.095814,0.0885212,0.0823946,0.103286,0.0728278,0.0700221,0.0997486,0.079023,0.0758899
0.0836052,0.0824158,0.0971428,0.0831507,0.0842761,0.0754985,0.108536,0.0738441,0.0934678,0.0730537
0.100962,0.0856401,0.072525,0.0810512,0.0699752,0.0768579,0.0976716,0.103412,0.0860141,0.0808808
0.087493,0.0801305,0.0937131,0.0742888,0.0843829,0.10049,0.0715691,0.0763679,0.107804,0.0787506
0.0744696,0.0970512,0.0706157,0.101595,0.0773726,0.0951101,0.0832868,0.102366,0.0704083,0.0827147
0.0718387,0.102051,0.113337,0.085072,0.0783534,0.0934758,0.0732708,0.0742227,0.0990724,0.0642963
0.0659485,0.0957117,0.0727478,0.093679,0.0917419,0.113593,0.0781636,0.0754417,0.0946726,0.0732903
0.0826411,0.0954619,0.0861236,0.0836596,0.0946585,0.0819348,0.0625989,0.0892098,0.0904969,0.0882052
0.0746917,0.0937918,0.0727407,0.0858656,0.0695977,0.0846315,0.0928957,0.0845706,0.111196,0.0850086
0.0949679,0.0942888,0.0781537,0.084169,0.0937431,0.104206,0.074275,0.0740198,0.071526,0.0856406
0.0833068,0.0781922,0.093831,0.097898,0.104793,0.0851952,0.0740403,0.0641717,0.0923071,0.081255
0.0733512,0.0717598,0.0842848,0.0597469,0.0888118,0.0780099,0.0833158,0.112774,0.115527,0.0874095
0.0841706,0.0969506,0.0915372,0.0773949,0.0875174,0.0694273,0.0920097,0.0698782,0.0924576,0.0936468
0.103358,0.0863849,0.0638918,0.103961,0.0709857,0.0808867,0.103606,0.070408,0.0885387,0.0829693
0.0689979,0.0892099,0.0900953,0.0718339,0.0948007,0.105755,0.0792197,0.0752242,0.0924975,0.0873568
0.0882294,0.0790428,0.0912089,0.0764089,0.0662017,0.0910305,0.104965,0.0840527,0.0971079,0.0767424
0.0787361,0.0736984,0.0813247,0.0842511,0.0820337,0.0748773,0.0963201,0.0807425,0.0941703,0.108836
0.0949748,0.0914794,0.0755232,0.0907863,0.0761453,0.0800445,0.104589,0.0755841,0.0928736,0.0729904
0.0824794,0.0903375,0.0839918,0.0666246,0.0992446,0.10685,0.0776644,0.0711592,0.0795688,0.0970705
0.0724841,0.0988668,0.0748863,0.105668,0.0803339,0.0751252,0.0801281,0.0712146,0.100018,0.0962654
0.0843354,0.0712835,0.0832507,0.0977854,0.10189,0.0886957,0.0688189,0.0844649,0.0985504,0.075915
0.0920779,0.0839067,0.096535,0.087632,0.0756215,0.0779685,0.0839855,0.071717,0.097592,0.0879541
0.0919386,0.0748336,0.0755404,0.0794867,0.0962033,0.0706619,0.0868388,0.0795137,0.109799,0.0901747
0.085583,0.0678502,0.0935481,0.0885437,0.0880172,0.101751,0.0689446,0.0761501,0.0718709,0.112731
0.0803013,0.0685503,0.0833725,0.0836288,0.104937,0.074283,0.095694,0.0640275,0.101164,0.099032
0.0960726,0.0863296,0.0993005,0.0801555,0.088859,0.074489,0.10201,0.0833401,0.0804977,0.0639364
0.0694794,0.0885067,0.0641825,0.0931888,0.0947829,0.0894494,0.101858,0.0906853,0.0786836,0.0841742
0.0991994,0.0871641,0.0773152,0.078933,0.0750598,0.0847673,0.105747,0.0772167,0.0804458,0.0891418
0.0677903,0.0988452,0.0805951,0.0908773,0.0787066,0.0965928,0.0892904,0.0804297,0.100948,0.0709148
0.0928575,0.0902113,0.0768385,0.0800792,0.0813748,0.0658286,0.0885709,0.100299,0.0917223,0.0872077
0.102154,0.0846408,0.0851561,0.0912647,0.0698633,0.0917076,0.0716113,0.0854213,0.0859964,0.0871744
0.0679572,0.067195,0.0918433,0.0972499,0.0932515,0.102544,0.0716135,0.0910352,0.0814959,0.0908051
0.102636,0.0984918,0.0706904,0.0960249,0.080205,0.0954825,0.0744689,0.0916245,0.0622625,0.0831036
0.0743922,0.0873404,0.0889387,0.0830199,0.0931651,0.0843182,0.0941953,0.0725085,0.0881042,0.0890077
0.0645664,0.0924827,0.0986375,0.0865357,0.0854128,0.0859189,0.0876791,0.0862595,0.0820195,0.085478
0.0787819,0.0837055,0.0931102,0.0701855,0.0838876,0.0857641,0.0882915,0.0832337,0.102488,0.0855418
0.0675443,0.0707841,0.100816,0.0884149,0.0983198,0.0745528,0.0968328,0.0802461,0.0907306,0.0867486
0.0869011,0.0932892,0.0743272,0.0701059,0.0775117,0.0970567,0.0735236,0.0986153,0.0944293,0.0892303
0.0892267,0.0934409,0.0790559,0.0894494,0.0884601,0.102432,0.0708267,0.0739793,0.0782672,0.0898521
0.0795,0.100824,0.0849405,0.0671707,0.0923503,0.083803,0.0765853,0.0857621,0.0780458,0.106008
0.0883565,0.0917998,0.0729289,0.0823122,0.0849596,0.0950218,0.0815074,0.0926697,0.070966,0.0944684
0.0796867,0.0825538,0.0868564,0.0988092,0.0841675,0.0738643,0.0897224,0.0735646,0.110937,0.0748285
0.095753,0.0611577,0.102811,0.0686988,0.0994043,0.097997,0.0912046,0.0795936,0.0703411,0.0880291
0.0858223,0.09259,0.0838589,0.0783848,0.0940478,0.0677501,0.102668,0.0724477,0.0907922,0.0866288
0.0846523,0.104614,0.0836051,0.0899209,0.0838235,0.0732596,0.0862256,0.0866602,0.0845714,0.0776576
0.107518,0.0874448,0.0675294,0.0748778,0.0796223,0.0887927,0.0767824,0.099833,0.086369,0.0862208
0.0869069,0.0705346,0.0775238,0.0923445,0.0938676,0.0740806,0.0984221,0.0845994,0.0819996,0.094711
0.084182,0.0797133,0.0857206,0.0835413,0.0888167,0.107056,0.0732333,0.0914431,0.086322,0.0749617
0.082686,0.0903824,0.0796725,0.0834682,0.096414,0.0924439,0.0815385,0.0757177,0.0801189,0.0925482
0.0760427,0.0932526,0.088235,0.0968214,0.0819416,0.0953215,0.0726907,0.0797717,0.0800603,0.0908527
0.0879017,0.08468,0.073017,0.0792577,0.0868644,0.100041,0.0703208,0.0980195,0.0853644,0.0895237
0.0703417,0.0995859,0.0847985,0.0744851,0.0988502,0.0770887,0.0942976,0.0883851,0.0839357,0.0832218
0.0850438,0.0874243,0.0733366,0.0872561,0.0922999,0.0771415,0.0960445,0.0674074,0.0988749,0.0901612
0.0885384,0.0846077,0.0753876,0.0896436,0.0835815,0.08036,0.0799541,0.0953052,0.0851849,0.0924272
0.0867906,0.0910216,0.0846783,0.0717142,0.0862392,0.103735,0.0977431,0.0739695,0.0671726,0.0919261
0.0974725,0.0852219,0.0915373,0.0914668,0.084007,0.0754165,0.0762029,0.0696026,0.109707,0.0743561
0.0997299,0.0744019,0.0965781,0.0850516,0.103177,0.078669,0.100852,0.0689491,0.0618371,0.0857448
0.105044,0.0920096,0.0677461,0.0757749,0.0909488,0.0733072,0.0961588,0.0761924,0.105362,0.0724463
0.105168,0.0725667,0.0912038,0.0716553,0.0892965,0.103619,0.0980662,0.0759268,0.0711581,0.0763301
0.087122,0.0908399,0.105897,0.0819301,0.10292,0.06816,0.0795737,0.0766433,0.0886719,0.0732321
0.0939945,0.0958554,0.10207,0.0822209,0.0671684,0.0709527,0.0904719,0.0690646,0.0928113,0.090381
0.0888965,0.067465,0.0937556,0.0721064,0.0900738,0.0916242,0.0866235,0.0926472,0.0865299,0.0852682
0.0917298,0.0765795,0.0807084,0.0720008,0.0637951,0.101298,0.0794863,0.106763,0.0969837,0.085646
0.0865865,0.0783586,0.0899216,0.083247,0.0802283,0.100611,0.0870392,0.0646657,0.105849,0.0784838
0.0733881,0.106536,0.123571,0.0780654,0.0839302,0.0694758,0.0826813,0.0707438,0.0789405,0.087658
0.102693,0.0908969,0.0724383,0.0899234,0.0834391,0.0923398,0.100224,0.0845833,0.068489,0.069964
0.0937713,0.0928321,0.0821879,0.0823396,0.0854261,0.0698883,0.0734165,0.0899454,0.0827557,0.102427
0.078801,0.0856845,0.0962324,0.0755188,0.0650688,0.107867,0.0819389,0.0950765,0.091175,0.0776269
0.0743073,0.0681734,0.108813,0.103242,0.0906748,0.0688391,0.0929326,0.0810725,0.0726167,0.0943193
0.0912132,0.0926679,0.0893352,0.0874321,0.0714602,0.0806626,0.0886268,0.0866392,0.0801329,0.08682
0.0757382,0.0890003,0.0848322,0.0784965,0.102625,0.0927448,0.0729767,0.0936233,0.0944723,0.0704813
0.0867977,0.0896181,0.0779002,0.0827586,0.0698944,0.0794725,0.0758939,0.11085,0.0711996,0.110605
0.113973,0.0913015,0.0803175,0.088759,0.0719982,0.0753903,0.0808248,0.0985743,0.0710012,0.0828501
0.0999643,0.0591706,0.0845518,0.104048,0.0941533,0.0867782,0.0805106,0.0799467,0.0789659,0.0869005
0.0805683,0.0817477,0.0944191,0.0674258,0.0931348,0.091523,0.100148,0.0977479,0.084954,0.0633221
0.0813267,0.0915469,0.0714484,0.0822168,0.0742136,0.0965076,0.115328,0.0668619,0.0881778,0.087363
0.073787,0.0929106,0.0759941,0.0758573,0.0888753,0.0874141,0.0875098,0.105086,0.0896287,0.0779275
0.0878129,0.0808977,0.0823491,0.0677499,0.0740814,0.0920456,0.0989434,0.0835203,0.092043,0.0955471
0.104093,0.0837055,0.0759936,0.0792324,0.0866297,0.0807757,0.0919871,0.0788387,0.0835374,0.0901973
0.070682,0.111202,0.093256,0.0775573,0.0882924,0.0788687,0.0871814,0.0840557,0.0844012,0.0794936
0.0671996,0.0727501,0.0960077,0.0843076,0.0836421,0.0891645,0.0691271,0.0978409,0.101441,0.0935099
0.0874622,0.072247,0.121701,0.0913202,0.0787097,0.0724337,0.080407,0.0729206,0.0880348,0.0897537
0.0728498,0.0862302,0.0820787,0.0875345,0.098815,0.0902185,0.0798127,0.074025,0.0772436,0.106182
0.0951633,0.0930153,0.0927806,0.0717405,0.0910786,0.0832128,0.0764628,0.0788893,0.0915309,0.0811162
0.0915647,0.0856972,0.0916955,0.0914184,0.0943271,0.0637208,0.0833831,0.0830363,0.092266,0.0778812
0.102065,0.0826007,0.0751207,0.0827089,0.0766754,0.0877771,0.100379,0.0766756,0.0747869,0.0962011
0.086345,0.0801642,0.0991146,0.066494,0.103589,0.0695403,0.0727213,0.0932682,0.087689,0.0960645
0.0823631,0.0970282,0.0874201,0.0798089,0.0816672,0.103878,0.0793686,0.0912346,0.0721842,0.0800369
0.0832914,0.0702495,0.0884301,0.0924401,0.0892555,0.0730887,0.0844567,0.0964784,0.0868365,0.0904634
0.0792982,0.0864456,0.0866192,0.0764218,0.0873984,0.0801313,0.0784412,0.0910399,0.0943366,0.0948581
0.0784681,0.0886109,0.0943258,0.099794,0.0840076,0.0743328,0.106898,0.0811772,0.0731891,0.0741869
0.0812081,0.109911,0.0884794,0.0687472,0.0899478,0.0957503,0.0804631,0.0655722,0.0759359,0.0989754
0.0746918,0.0813726,0.0973221,0.0949935,0.0749745,0.101454,0.0968993,0.0669289,0.0998979,0.0664558
0.0795715,0.0688295,0.0983134,0.0818733,0.0938561,0.104609,0.0856051,0.0923401,0.0658407,0.0841519
0.0707905,0.0853239,0.0651887,0.0660658,0.083909,0.0911439,0.086658,0.121293,0.0918717,0.0927455
0.0684721,0.0960789,0.0694809,0.0778386,0.0917907,0.0923657,0.0901646,0.0939514,0.0787843,0.096063
0.0818802,0.0700108,0.0755256,0.0864493,0.0800993,0.0841497,0.0958768,0.0977934,0.104897,0.0783088
0.0662787,0.0672144,0.0928707,0.0811882,0.100411,0.0991089,0.0770895,0.0734939,0.0961528,0.101182
0.0789375,0.0925177,0.0767138,0.0915305,0.0843967,0.0966827,0.0934241,0.0716819,0.0867695,0.0823358
0.0727628,0.0871187,0.0726999,0.0842064,0.077573,0.0891272,0.0909218,0.0988816,0.0939623,0.0877366
0.0910925,0.0962499,0.0902614,0.0670593,0.0825748,0.0863378,0.0762299,0.0839687,0.0932841,0.087932
0.0756771,0.0790048,0.0738843,0.104192,0.0766029,0.0867463,0.0757005,0.0840397,0.108824,0.0903184
0.0826833,0.0992044,0.0889644,0.072369,0.0605979,0.10027,0.0683453,0.0861814,0.0992238,0.0971506
0.0991229,0.101986,0.0900335,0.0769489,0.0802833,0.0788944,0.0886721,0.0715766,0.0794384,0.088034
0.0876007,0.0737031,0.0925788,0.0815596,0.0855929,0.0807807,0.0810576,0.0982708,0.078509,0.0953371
0.0964197,0.0590922,0.0894324,0.081738,0.0978373,0.0874392,0.0753362,0.0841258,0.0917714,0.091798
0.0903095,0.0878924,0.081676,0.110468,0.0817312,0.0773135,0.0894887,0.086478,0.07253,0.0771026
0.0865019,0.0883538,0.0761467,0.0978288,0.0678264,0.0896008,0.0746226,0.0923424,0.074894,0.106873
0.0947249,0.0826217,0.0769261,0.0895264,0.0759889,0.111905,0.0848371,0.0798154,0.088493,0.0701515
0.07783,0.100023,0.0731394,0.0778745,0.064001,0.11256,0.0954486,0.0863342,0.0982566,0.0695232
0.0910887,0.0957808,0.10296,0.0717263,0.0865593,0.0825758,0.0603547,0.0955797,0.0870531,0.0813113
0.0755029,0.0916921,0.0898707,0.0908773,0.0891421,0.0767465,0.0938127,0.0799875,0.0678347,0.0995238
0.0864891,0.0883633,0.0697494,0.0906865,0.0753338,0.0968695,0.0756421,0.101137,0.0659589,0.10476
0.104361,0.074585,0.0857602,0.0865896,0.0902989,0.0883956,0.0640795,0.0960419,0.0794773,0.0854015
0.0830651,0.0834845,0.080902,0.0763139,0.0996757,0.0867551,0.0719548,0.0746692,0.0828627,0.115307
0.0755852,0.0790456,0.0729253,0.0857439,0.0817016,0.0895433,0.0803297,0.0869382,0.0994709,0.103706
0.0740022,0.106969,0.0937411,0.0788583,0.0787294,0.087299,0.0844966,0.0764901,0.0897549,0.0846494
0.0742311,0.0750326,0.0902903,0.0706199,0.0701346,0.108012,0.0879046,0.108724,0.0835943,0.0864463
0.0921094,0.0951591,0.067005,0.0758576,0.066661,0.0871259,0.0960388,0.08336,0.0933658,0.0983076
0.0667682,0.0829423,0.0810562,0.0959363,0.10094,0.0694458,0.100484,0.0787725,0.113641,0.065004
0.0754728,0.0715506,0.0960242,0.104274,0.0785982,0.0897741,0.0591519,0.0722985,0.105888,0.101958
0.0644978,0.0723161,0.0817761,0.0790662,0.0955808,0.0870093,0.0955747,0.0937812,0.0862529,0.0991351
0.104029,0.0813454,0.0743926,0.0751164,0.0890309,0.0936019,0.067751,0.0884063,0.0863702,0.094946
0.100852,0.0823057,0.0733564,0.0793362,0.0768758,0.0912332,0.0750145,0.100034,0.0944442,0.0815381
0.0850867,0.0938969,0.0725447,0.0680627,0.0973756,0.0715006,0.0946123,0.0853812,0.0998475,0.0866821
0.0973885,0.110326,0.0874329,0.0825067,0.0666699,0.0904322,0.0703582,0.077822,0.0745224,0.0975316
0.105071,0.0767692,0.0797359,0.0991993,0.0900714,0.0794824,0.0818462,0.0842997,0.0656188,0.0928961
0.0996494,0.0858213,0.0628892,0.0916809,0.0714733,0.0619446,0.113775,0.0958172,0.0730512,0.0988879
0.0780151,0.0881343,0.08092,0.0970296,0.0827601,0.0816581,0.074902,0.0916482,0.0904593,0.0894636
0.0985385,0.0980047,0.0894473,0.0738267,0.0836397,0.0797725,0.0863285,0.0826979,0.0706355,0.092099
0.0735154,0.0908558,0.062347,0.110468,0.0734863,0.0821614,0.0973836,0.0995218,0.0802911,0.0849595
0.0803526,0.092256,0.0792096,0.0826096,0.089169,0.0662944,0.0855254,0.0912262,0.093713,0.0946343
0.0793592,0.0848416,0.0947157,0.0971195,0.0620829,0.0893905,0.0859028,0.0943534,0.0686625,0.0985621
0.0756563,0.084838,0.0910023,0.0936463,0.090305,0.0950005,0.0794487,0.0877231,0.0818322,0.0755379
0.093606,0.0806265,0.104711,0.0948802,0.0853784,0.0692325,0.0854948,0.0779399,0.0694209,0.0936998
0.0932039,0.0853646,0.0939191,0.077707,0.0850934,0.0631095,0.0866223,0.0894652,0.0892869,0.0912183
0.10432,0.0834153,0.0737277,0.0767518,0.0896858,0.0887093,0.0907273,0.0793696,0.0832567,0.0850263
0.0789221,0.0802373,0.0923119,0.0953773,0.0977888,0.0867051,0.0940533,0.0779987,0.0676119,0.0839839
0.0751474,0.0976365,0.10183,0.10669,0.0968234,0.0714707,0.0667217,0.0738882,0.0797139,0.0850687
0.115107,0.0815017,0.0794971,0.0791508,0.0761926,0.0784762,0.0802485,0.0899897,0.0827397,0.0920873
0.076365,0.0868331,0.0732477,0.0853579,0.0783843,0.0976622,0.0738248,0.107274,0.0944666,0.0815743
0.0745706,0.0717675,0.0868211,0.0933931,0.0836151,0.0877337,0.0859661,0.0995497,0.0837098,0.0878634
0.100743,0.0818301,0.0936766,0.0817058,0.084699,0.083786,0.0987663,0.073002,0.0679363,0.0888448
0.103754,0.0833393,0.0965924,0.0901117,0.0886245,0.0701064,0.0727713,0.0802812,0.0976213,0.0717878
0.0895801,0.0925296,0.0860569,0.0965557,0.0816029,0.0763262,0.088869,0.0792523,0.0765226,0.087695
0.093641,0.100599,0.0784852,0.0920873,0.0784963,0.0795415,0.0850469,0.0718217,0.0949466,0.0803244
0.0868774,0.067048,0.0745958,0.113006,0.0807294,0.098957,0.105868,0.0729011,0.0836561,0.0713511
0.0887205,0.100608,0.0763219,0.0931991,0.095523,0.0750025,0.0785755,0.0728123,0.0811722,0.0930551
0.0885683,0.094897,0.083215,0.0801959,0.0857495,0.0802458,0.0782221,0.0809324,0.0975595,0.0854048
0.0777702,0.0769397,0.0732738,0.0743409,0.0988773,0.0782464,0.0809298,0.125084,0.063433,0.106095
0.101082,0.0834691,0.0632892,0.0822052,0.079856,0.095561,0.0915904,0.0931624,0.0694196,0.0953554
0.0898558,0.0759995,0.0790349,0.0849528,0.0900876,0.0869722,0.0833086,0.0832925,0.115771,0.0657149
0.0708493,0.102324,0.0811485,0.101704,0.0804831,0.0718067,0.0777166,0.0906921,0.0773943,0.100872
0.0747303,0.0835463,0.0645655,0.0986888,0.09202,0.094733,0.080988,0.0934841,0.0850709,0.0871634
0.112803,0.0905161,0.0967281,0.0742015,0.0904318,0.0596958,0.0690871,0.103338,0.0734466,0.0847422
0.0679831,0.0839558,0.0866312,0.0830579,0.0852796,0.102313,0.0803636,0.0844146,0.107083,0.0739089
0.0720867,0.100315,0.0678977,0.0754928,0.0789001,0.0789367,0.0770275,0.0916847,0.10542,0.107229
0.0881313,0.0844308,0.0836085,0.0991768,0.0647997,0.0766972,0.0966312,0.0747087,0.0937312,0.0930749
0.0914506,0.0767622,0.073597,0.103743,0.0973372,0.0726277,0.0846907,0.0806445,0.0839686,0.0901684
0.0975961,0.097992,0.0891496,0.0766543,0.080375,0.0957693,0.0879704,0.0833166,0.0781342,0.0680327
0.105157,0.0773569,0.0908513,0.0856197,0.0920695,0.0846649,0.0689208,0.0898839,0.0824189,0.0780475
0.076287,0.0859784,0.105703,0.0642344,0.103751,0.0672756,0.0990554,0.0788611,0.0915334,0.0823117
0.0642897,0.101063,0.0860916,0.107828,0.0697012,0.0836815,0.0643054,0.0989556,0.0906495,0.0884241
0.0752119,0.087736,0.0752373,0.0811948,0.107162,0.0865916,0.0829734,0.0922621,0.0808752,0.0857464
0.0764316,0.100524,0.0754596,0.0840438,0.0881835,0.0760942,0.0883663,0.0941102,0.0959912,0.0757856
0.110703,0.0825995,0.0737033,0.0858943,0.0784133,0.0834816,0.091934,0.0788416,0.0794627,0.0899567
0.0718465,0.0876501,0.103427,0.101143,0.0920488,0.0937887,0.0726477,0.0749888,0.0686823,0.0887674
0.078068,0.0967323,0.1133,0.0844012,0.0755396,0.0769923,0.0880191,0.0741963,0.0780905,0.0896507
0.0930683,0.0866762,0.0831757,0.0919646,0.0785422,0.092282,0.070398,0.0817768,0.0987577,0.0783487
0.0828887,0.0568544,0.0967301,0.104172,0.0760473,0.0973425,0.085945,0.0911435,0.0793903,0.0844766
0.0913018,0.114337,0.0910263,0.0758516,0.0780651,0.0678257,0.0938309,0.0730945,0.09676,0.0728979
0.0838985,0.0663878,0.0928352,0.0820372,0.0883813,0.113934,0.0744127,0.077029,0.0883156,0.087759
0.0754488,0.0705902,0.118042,0.085581,0.0767766,0.0870362,0.0809072,0.103682,0.0877918,0.0691351
0.087567,0.0822168,0.0917253,0.0901038,0.0865143,0.0916582,0.0761999,0.0677408,0.0923538,0.0889102
0.0756754,0.0747632,0.0869813,0.0891443,0.0979954,0.10234,0.07487,0.0891516,0.0868992,0.07717
0.097803,0.0794747,0.0980565,0.0917559,0.0882125,0.0661299,0.0686173,0.0755208,0.0826022,0.106818
0.0720919,0.113266,0.0736034,0.0706712,0.071592,0.0939464,0.094725,0.0803883,0.0838261,0.10088
0.0854248,0.101407,0.0773649,0.0827005,0.0734106,0.0983516,0.0794641,0.0875963,0.0903567,0.0789143
0.0885554,0.0787968,0.0764095,0.069539,0.1036,0.0881254,0.104332,0.078093,0.0994032,0.0681365
0.0864187,0.0816505,0.0973385,0.0885737,0.0831982,0.0775427,0.0957574,0.0710505,0.0884257,0.0850344
0.0856261,0.0958226,0.0886852,0.0855846,0.0685396,0.0733858,0.0923776,0.0957821,0.097801,0.0713856
0.0890718,0.0943963,0.0842907,0.0776692,0.103226,0.088291,0.0589448,0.108178,0.0782363,0.0726866
0.0890799,0.0657707,0.0973585,0.081915,0.0858975,0.0891068,0.089826,0.0924077,0.0865814,0.0770468
0.0943015,0.100101,0.0829818,0.0829464,0.096746,0.0769579,0.0961573,0.077518,0.0760423,0.0712379
0.0877336,0.0902103,0.0868271,0.064212,0.101863,0.084166,0.0774437,0.0889347,0.0782643,0.0953352
0.10387,0.0815921,0.0758731,0.098427,0.0993158,0.06359,0.0710153,0.0710854,0.104042,0.0861796
0.0802223,0.0685995,0.088639,0.0752765,0.104867,0.0938489,0.0786948,0.0929024,0.0745566,0.0973829
0.0903192,0.0756755,0.0868684,0.10121,0.0728544,0.0756856,0.0779308,0.0801467,0.108332,0.0859671
0.100079,0.10246,0.105997,0.0866596,0.0672814,0.0868645,0.0859693,0.076781,0.070297,0.0726014
0.0871511,0.0876377,0.0971021,0.0920331,0.0711581,0.0787017,0.0698238,0.0993066,0.0844848,0.0875914
0.0765459,0.0829139,0.0756411,0.10159,0.0951453,0.0792289,0.0805138,0.081008,0.0865319,0.0958712
0.0781414,0.0812049,0.0653484,0.08978,0.0997662,0.080031,0.103876,0.0885991,0.0827347,0.0855085
0.0922856,0.0948989,0.0890935,0.0856944,0.088321,0.0738279,0.070618,0.0935875,0.087517,0.0791465
0.0906487,0.0897865,0.0962247,0.0819638,0.0855303,0.085792,0.0785787,0.0729496,0.10089,0.0726259
0.0838488,0.105976,0.088186,0.0703899,0.0740061,0.089042,0.110786,0.0863852,0.0715947,0.0747757
0.0778083,0.0735705,0.100776,0.0844477,0.0791586,0.0881981,0.0927388,0.0753087,0.09316,0.0898241
0.0759727,0.0934188,0.0999071,0.0846925,0.0816451,0.0681996,0.114729,0.0884549,0.0791062,0.0688643
0.0866691,0.0780632,0.0765471,0.0812496,0.0735988,0.0963268,0.0997962,0.084364,0.0885055,0.0898699
0.0808464,0.0887807,0.124012,0.0682756,0.0901632,0.0822083,0.0923726,0.0810408,0.0734726,0.0738184
0.0734759,0.0713238,0.0835416,0.0982134,0.0859672,0.0852108,0.105089,0.083961,0.0795986,0.0886088
0.107486,0.074232,0.0926062,0.0937328,0.0821649,0.0741156,0.0800208,0.0742122,0.0975339,0.0788858
0.0952915,0.0696866,0.0770475,0.102884,0.0795182,0.0913909,0.0809686,0.0957058,0.083994,0.0785033
0.0793346,0.108602,0.0912771,0.0705557,0.086555,0.0846588,0.0983147,0.08273,0.0705954,0.0823672
0.0901781,0.106458,0.0880648,0.0864618,0.0698186,0.0882915,0.0738964,0.0774516,0.0825591,0.0918105
0.0897671,0.0734273,0.0956471,0.0855007,0.0777662,0.09928,0.0676327,0.092837,0.0855067,0.0876255
0.0920286,0.0805468,0.0836054,0.105307,0.0808315,0.0803239,0.0977072,0.0609254,0.087085,0.08663
0.0876237,0.0652187,0.107811,0.0923476,0.0931931,0.0743111,0.0773392,0.0862141,0.0880898,0.0828413
0.0768473,0.0710201,0.103017,0.085675,0.0838897,0.0608217,0.113964,0.0889991,0.0924153,0.0783406
0.0799228,0.0813109,0.0981119,0.0822353,0.0890664,0.0921429,0.0706636,0.0902981,0.0992082,0.0720302
0.11147,0.100112,0.0854659,0.101221,0.0798047,0.0801777,0.0922884,0.0619526,0.0713408,0.0711565
0.0971465,0.089885,0.0768833,0.0788173,0.0763304,0.076971,0.0903509,0.0668042,0.10934,0.0924622
0.0797797,0.0862987,0.0989575,0.070452,0.107233,0.0709303,0.0874844,0.0841245,0.0766627,0.0930672
0.0844252,0.0963598,0.0926291,0.0845905,0.075761,0.0784677,0.08088,0.0956137,0.0659921,0.100271
0.101656,0.09065,0.0887075,0.0869056,0.0903276,0.0746982,0.0683552,0.075705,0.0996071,0.078378
0.0900239,0.0773915,0.0692185,0.0759219,0.100116,0.0684642,0.0742067,0.0864545,0.117504,0.0956895
0.0779657,0.0768503,0.0793192,0.0933138,0.100778,0.106817,0.0758744,0.0909452,0.0821768,0.0709502
0.0936887,0.073302,0.0927719,0.0875802,0.0881259,0.0687259,0.0775192,0.0947282,0.0958322,0.0827161
0.0650371,0.0849611,0.0862908,0.0920968,0.0788812,0.0770273,0.0762306,0.108253,0.0877468,0.0984661
0.0878528,0.0917189,0.0976332,0.0627196,0.0848543,0.0667198,0.111212,0.0911811,0.0867582,0.0743405
0.0981299,0.0821348,0.0876856,0.0750021,0.0855096,0.0825496,0.0712697,0.0933798,0.0986475,0.0806818
0.0735205,0.0819219,0.0782038,0.0766932,0.0803243,0.0845877,0.105726,0.0798322,0.0924261,0.101755
0.10443,0.0824048,0.0704345,0.0687982,0.109177,0.0793014,0.0943987,0.0713338,0.0908761,0.083836
0.0844049,0.0958502,0.10329,0.091427,0.0885095,0.106508,0.0735362,0.0609411,0.0716761,0.0788473
0.07349,0.0841895,0.0802951,0.117256,0.06927,0.0958778,0.0852791,0.0905811,0.0715094,0.0872419
0.0828319,0.083637,0.0983814,0.084086,0.0812164,0.0867335,0.100032,0.0853838,0.0805031,0.0721855
0.0609026,0.0782632,0.063423,0.0969108,0.107431,0.0843867,0.083901,0.105297,0.0842741,0.0902009
0.0816337,0.0841355,0.0749707,0.0625126,0.0874214,0.11094,0.108644,0.0718237,0.0909332,0.0819758
0.0670864,0.0857632,0.0955024,0.0770926,0.0883411,0.0947855,0.0824028,0.0908459,0.0786806,0.0944897
0.0839736,0.0937976,0.0789208,0.0993904,0.0831061,0.0754891,0.0962561,0.0711172,0.085166,0.0877733
0.076463,0.0859232,0.0756767,0.0966948,0.0886514,0.0833764,0.0907584,0.0727761,0.081715,0.102955
0.0985389,0.086735,0.0797693,0.101827,0.0764355,0.0822447,0.0817368,0.0783666,0.0940659,0.0752703
0.097933,0.0763818,0.0719301,0.0883084,0.0851809,0.0775861,0.0939268,0.0847478,0.095175,0.0838204
0.110239,0.0920507,0.0611433,0.0940238,0.0862019,0.0753273,0.0946236,0.0872433,0.0809471,0.0731903
0.108831,0.0954662,0.0745162,0.0833313,0.0799852,0.0898335,0.0813037,0.0864373,0.0775592,0.0777262
0.100726,0.0680873,0.0939866,0.0978128,0.0860367,0.0833441,0.0821934,0.0654536,0.0892186,0.0881315
0.0938165,0.0692405,0.0782986,0.0906427,0.0920368,0.0845002,0.0982745,0.0656817,0.0892757,0.0932231
0.0914761,0.0649066,0.0809599,0.101107,0.060198,0.088893,0.0942588,0.100481,0.0753491,0.0973612
0.0720669,0.0855095,0.0894278,0.0854187,0.0774068,0.09795,0.0794769,0.0953191,0.0931908,0.0792237
0.0862482,0.079465,0.0881853,0.0731095,0.0941101,0.0806466,0.0675262,0.0871614,0.094144,0.104394
0.101549,0.0655916,0.0998232,0.0831149,0.0757981,0.0844578,0.0915959,0.0774391,0.0926289,0.0829916
0.0697518,0.122011,0.108466,0.079015,0.0644703,0.0808737,0.076665,0.0802696,0.0960371,0.0774299
0.0924367,0.110695,0.0848271,0.0857204,0.0940391,0.0848022,0.0676702,0.0785884,0.0796291,0.0765818
0.0927912,0.0978205,0.0689922,0.0727023,0.096229,0.0811848,0.0680539,0.0863403,0.0919398,0.0989363
0.0793052,0.110926,0.0826158,0.0767808,0.0812048,0.0670784,0.102187,0.0988644,0.0813453,0.0746832
0.0843858,0.0953268,0.0807127,0.0675835,0.0961533,0.080481,0.0948075,0.0980528,0.0808691,0.0766179
0.0961246,0.0805465,0.0900472,0.0668605,0.0862512,0.102988,0.0935222,0.0850647,0.0767456,0.0768397
0.110855,0.0772339,0.088929,0.0918824,0.0802567,0.08221,0.0932492,0.0798798,0.0776046,0.0728892
0.0896978,0.0728119,0.0875476,0.0752795,0.0756284,0.0826329,0.102408,0.0856591,0.089167,0.0941581
0.120684,0.0852061,0.0769096,0.0913383,0.0859276,0.082181,0.0661316,0.0826426,0.094424,0.0695458
0.0861019,0.0912115,0.0731594,0.102572,0.083665,0.0883765,0.0887592,0.0905743,0.0912684,0.0593017
0.0980352,0.0811275,0.0872534,0.0854241,0.071931,0.0969052,0.0746718,0.0829039,0.0947121,0.0820259
0.0731033,0.0642936,0.0946645,0.0838219,0.0710001,0.0965133,0.109936,0.0965421,0.0764849,0.0886304
0.0786087,0.0906801,0.0782782,0.104744,0.104365,0.0738651,0.0712327,0.0913834,0.0920737,0.0697588
0.096334,0.0896959,0.0765192,0.0571099,0.101049,0.0910428,0.0897971,0.0812157,0.0895854,0.0826409
0.068655,0.0837006,0.0840582,0.0914351,0.102605,0.0787927,0.106211,0.0927079,0.0785706,0.0682537
0.0840097,0.0752355,0.0723113,0.0744334,0.0888819,0.0780589,0.100574,0.0981556,0.0992349,0.0840951
0.0791166,0.0922182,0.084421,0.0979959,0.0821291,0.0709828,0.0653672,0.0969998,0.114715,0.0710446
0.0800954,0.0807589,0.0604426,0.0897771,0.0682031,0.105738,0.0965035,0.0835342,0.0922515,0.0976856
0.103339,0.104438,0.0772956,0.0706435,0.103411,0.0872353,0.0847813,0.0693608,0.0823846,0.0721009
0.0943292,0.0910547,0.0854638,0.0882718,0.0669156,0.0680643,0.0754578,0.0810073,0.112935,0.091491
0.0610654,0.0818206,0.0846783,0.0901122,0.0866213,0.0881641,0.0843208,0.092337,0.0994191,0.0864514
0.0891125,0.102857,0.0870608,0.0664479,0.0859725,0.0647031,0.090245,0.103345,0.0867808,0.0784656
0.101742,0.0792915,0.0839398,0.109183,0.0623906,0.0741789,0.0869846,0.09312,0.0822577,0.0819017
0.0797546,0.0774292,0.0797269,0.0814403,0.0816509,0.0897125,0.0876203,0.0932707,0.0931863,0.0911986
0.0813117,0.0828349,0.0801867,0.0829275,0.0908992,0.0839612,0.0910877,0.0970581,0.0770673,0.087656
0.103245,0.0782276,0.0857436,0.0833513,0.0874297,0.0760886,0.0919078,0.100404,0.0743201,0.0742729
0.102703,0.0852291,0.084436,0.0798883,0.0627067,0.0762936,0.0905357,0.0958689,0.0887378,0.0885916
0.0833286,0.0755933,0.0823766,0.0788272,0.115924,0.0891235,0.0814786,0.0853242,0.0850883,0.0779258
0.0894726,0.0683034,0.103667,0.086357,0.0856807,0.0817093,0.0847812,0.0910124,0.0955645,0.0684424
0.0790515,0.0939072,0.0769963,0.0930397,0.0771501,0.0852311,0.0865708,0.0596165,0.0853745,0.118053
0.066133,0.0795901,0.0953597,0.0827283,0.0920397,0.0781024,0.0909133,0.106625,0.073532,0.0899671
0.0789351,0.0853442,0.0678371,0.0726517,0.0859095,0.10059,0.079458,0.0959269,0.0903656,0.097972
0.0858725,0.0846928,0.0721885,0.0763199,0.0916641,0.116282,0.0710422,0.102885,0.0742269,0.0798164
0.096993,0.100569,0.107278,0.0790298,0.0593392,0.0850954,0.0835753,0.0837618,0.0791809,0.0801674
0.07918,0.11516,0.0714136,0.0688622,0.0811699,0.0710945,0.089373,0.102933,0.0861042,0.0896997
0.0762411,0.0969478,0.0926993,0.0918001,0.0979379,0.0770415,0.0798346,0.0896122,0.0716944,0.0811813
0.0733334,0.1243,0.0793145,0.090364,0.0769875,0.0920958,0.0764757,0.0656856,0.0858661,0.0905676
0.102459,0.0985545,0.0594314,0.0869759,0.0912937,0.0896517,0.0804051,0.102448,0.0568009,0.0869698
0.087051,0.0840243,0.0838884,0.0777022,0.085348,0.123373,0.07911,0.0763226,0.0775349,0.0806356
0.0991938,0.086341,0.0810164,0.0770595,0.0823015,0.0941803,0.0862175,0.101822,0.0848539,0.0620044
0.0773531,0.0755289,0.0922209,0.0742273,0.0833968,0.0747483,0.0963296,0.0958279,0.0685019,0.116856
0.0748545,0.0887538,0.0955091,0.082794,0.0799653,0.112082,0.0788056,0.0760719,0.0873282,0.078826
0.0913277,0.0844117,0.0673135,0.115237,0.106128,0.068518,0.0852043,0.0735779,0.090393,0.0728792
0.0722491,0.0957136,0.0942101,0.087559,0.0756755,0.0922653,0.0758329,0.0790067,0.102241,0.0802376
0.104767,0.0861358,0.0774266,0.0908023,0.0818571,0.0745539,0.0879341,0.0798088,0.0748352,0.0968691
0.0777447,0.0822885,0.0960899,0.0769438,0.0743871,0.0987824,0.119124,0.0765332,0.0757695,0.0773269
0.0785176,0.086428,0.0792661,0.0717615,0.0915764,0.0736059,0.107497,0.0947954,0.088249,0.0832936
0.0800955,0.0873346,0.0745613,0.0807952,0.0898736,0.082014,0.0812155,0.0996458,0.0940826,0.0853721
0.0759964,0.0996086,0.0885692,0.0735594,0.0814596,0.100885,0.0768394,0.0825856,0.0872581,0.0882285
0.0774533,0.104797,0.0872301,0.0759901,0.0900912,0.06935,0.109763,0.0750569,0.0797532,0.0855062
0.0854222,0.0788188,0.0823124,0.088146,0.0769648,0.0710392,0.0782872,0.106173,0.097517,0.0903092
0.0715087,0.0851065,0.0875592,0.0767563,0.0902709,0.0879957,0.09611,0.0875503,0.0958221,0.0763106
0.0892632,0.0795845,0.0796517,0.105754,0.0872892,0.0913723,0.0921972,0.0848708,0.0726014,0.0724055
0.0963519,0.0714821,0.0939187,0.0874942,0.0987291,0.0739456,0.0831876,0.0879398,0.0808364,0.0811049
0.0909386,0.101238,0.0733227,0.0749186,0.0745779,0.11139,0.0584908,0.0928122,0.0878762,0.0894257
0.0824152,0.0835795,0.0834032,0.0946059,0.0812035,0.0805721,0.0928654,0.0822348,0.0862726,0.0878381
0.0862276,0.0791462,0.0718475,0.095672,0.0948533,0.0802355,0.0876603,0.0607921,0.102599,0.095957
0.0902786,0.0707602,0.105345,0.0647194,0.0809626,0.0864863,0.0967021,0.0814265,0.0823294,0.0959805
0.108373,0.0975851,0.0740566,0.0726806,0.104057,0.0813374,0.0675321,0.0935882,0.074289,0.0814911
0.12872,0.0809999,0.0843746,0.0744312,0.0927105,0.0693521,0.0833255,0.086668,0.0718242,0.0825841
0.107766,0.0731801,0.0733616,0.0988905,0.0822901,0.0735221,0.113154,0.0932963,0.069718,0.0698112
0.0810216,0.0855637,0.0807031,0.106792,0.0799379,0.0787252,0.0952056,0.0772016,0.0829209,0.0869183
0.0740987,0.110416,0.0887635,0.0923318,0.0761662,0.0814834,0.0861668,0.0788195,0.0701397,0.0966043
0.0730385,0.0945076,0.0912144,0.086342,0.107034,0.0884205,0.0842508,0.0746705,0.0767281,0.0787837
0.0760904,0.0716361,0.0852567,0.087681,0.0828781,0.0936936,0.0843772,0.108966,0.0744758,0.0899356
0.070636,0.0844354,0.0908683,0.074162,0.0927237,0.0877669,0.0813226,0.104171,0.090522,0.0783824
0.0781397,0.0807521,0.104571,0.0991065,0.0894446,0.0860534,0.0786363,0.079808,0.0755021,0.0829763
0.0922519,0.094758,0.0740868,0.0710368,0.0744103,0.0701133,0.0991432,0.103362,0.0852791,0.0905493
0.0807602,0.0877804,0.0873241,0.0802576,0.0919823,0.0780113,0.0778905,0.0790851,0.0947795,0.0971191
0.0741463,0.113248,0.0642143,0.102262,0.078055,0.0813929,0.091963,0.0867489,0.0856815,0.0772782
0.0894484,0.0714054,0.0788432,0.0960433,0.0896956,0.071676,0.0859342,0.0948056,0.0706388,0.1065
0.101543,0.0899075,0.0850151,0.0913128,0.0815563,0.0746374,0.0774388,0.0774156,0.108423,0.0677414
0.0781618,0.0850162,0.0990644,0.0896012,0.0717917,0.0829869,0.0825969,0.095451,0.0853021,0.0850182
0.0724674,0.0902332,0.0830598,0.0872732,0.0872498,0.0746844,0.0886405,0.0819291,0.115744,0.0737091
0.110153,0.0822317,0.0826177,0.0772067,0.0725289,0.098401,0.0978836,0.072991,0.0809128,0.0800636
0.0854997,0.0723788,0.0956624,0.100521,0.102733,0.0781227,0.0790946,0.0892281,0.0831122,0.0686371
0.106248,0.0818558,0.0952132,0.0866061,0.0663221,0.0899766,0.0823377,0.0880925,0.0719148,0.0864231
0.0932644,0.109259,0.071602,0.0831547,0.0836227,0.0714134,0.0780407,0.0876647,0.0888052,0.0881635
0.070859,0.0875047,0.0708673,0.0787522,0.0886016,0.0965413,0.109169,0.0746238,0.0878549,0.090216
0.0824638,0.117134,0.0938623,0.0669941,0.0842582,0.0868173,0.081505,0.0682032,0.0896524,0.0841
0.0934922,0.0905834,0.081404,0.0883966,0.0582482,0.0974033,0.0756315,0.0644194,0.107107,0.0983047
0.0838329,0.0829469,0.0661114,0.0964028,0.0947947,0.0872181,0.0893555,0.07729,0.0879873,0.0890507
0.0724883,0.103992,0.0796785,0.0667288,0.0987021,0.0923342,0.0816376,0.0928843,0.0783396,0.0882046
0.0973226,0.0988448,0.0825821,0.0834382,0.0799508,0.102217,0.0818144,0.0818296,0.077426,0.0695646
0.0860914,0.0976318,0.0765019,0.0697215,0.0867286,0.0981321,0.102443,0.0879653,0.0720026,0.0777715
0.0886603,0.0765631,0.0745935,0.102785,0.0897355,0.0831372,0.0648429,0.0897182,0.102809,0.0821456
0.0711527,0.0954536,0.0837564,0.0832338,0.084935,0.0923598,0.0809526,0.098137,0.0692281,0.0957813
0.0935712,0.0828059,0.0980592,0.0808736,0.0750023,0.091408,0.0930087,0.0747828,0.0856467,0.079832
0.0773733,0.0889697,0.0936243,0.101473,0.0895168,0.0702701,0.0717199,0.087926,0.0819011,0.0922165
0.093476,0.0818714,0.0671032,0.0664667,0.102969,0.0802972,0.101232,0.078884,0.0822681,0.100422
0.0843436,0.0971387,0.0845186,0.084678,0.0900979,0.0965324,0.0865376,0.0940021,0.0696957,0.0674456
0.0673345,0.0713814,0.0661864,0.0854541,0.103362,0.0919331,0.105396,0.086863,0.0832007,0.0938787
0.0953979,0.0710188,0.108633,0.0817973,0.0759725,0.0699429,0.0805506,0.0771325,0.0903542,0.104191
0.0921258,0.0862191,0.0837269,0.0788384,0.0904635,0.084298,0.0682927,0.0847004,0.0990051,0.0873204
0.087807,0.0793533,0.0812695,0.0863511,0.0855609,0.0873033,0.0893441,0.0655314,0.0744337,0.118036
0.0731165,0.077627,0.095306,0.0912804,0.0706541,0.0994533,0.101807,0.0707622,0.0832667,0.091717
0.090372,0.0903668,0.0907681,0.0813012,0.0680847,0.100787,0.0772009,0.0967602,0.0714181,0.0879312
0.0822681,0.0875865,0.0700032,0.0915897,0.0767918,0.0981085,0.0865759,0.0946511,0.0842488,0.0831667
0.0879266,0.0818479,0.0801237,0.08836,0.0783848,0.0795239,0.0867856,0.0938618,0.105291,0.072885
0.0855923,0.0800301,0.0752264,0.0819885,0.0839137,0.107444,0.0778537,0.0855581,0.0957778,0.0816059
0.0998257,0.107008,0.0891167,0.0850189,0.0949214,0.0918288,0.0760136,0.0771136,0.0607116,0.0734321
0.120354,0.0674207,0.0891084,0.0893406,0.0763573,0.0862026,0.0847443,0.0755389,0.0833583,0.0825655
0.0811276,0.0905586,0.0952974,0.0749642,0.0713284,0.0769767,0.104757,0.0950954,0.0729621,0.0919232
0.0786435,0.0935677,0.0699242,0.0993083,0.0617372,0.102414,0.0769642,0.0894414,0.0870611,0.0959282
0.0936178,0.0736056,0.0892453,0.0822571,0.0905166,0.0962147,0.0896264,0.0876525,0.0910572,0.0611971
